radius,grid,strategy,median_abs_change,p95_abs_change,max_abs_change,rank_rho,top20_overlap
5.0,1.0,near_k000,0.0006008141328947558,0.003909484334894499,0.008617958942797516,0.9992197863155101,0.95
5.0,0.5,near_k000,0.00022742063648818756,0.0013090851340005968,0.003972350583366285,0.9998046451052747,0.95
5.0,0.25,near_k000,0.0001431376076151264,0.0008539189182410756,0.0034117363820095475,0.9998987048694016,1.0
5.0,1.0,near_k050,0.0009318775622832315,0.005009634649087373,0.009057671612420187,0.9989550924921013,1.0
5.0,0.5,near_k050,0.00029688574484917907,0.0018997380530945684,0.005024365890413801,0.9997720859561539,1.0
5.0,0.25,near_k050,0.0001433101606810594,0.0011711908179938973,0.00343365163603733,0.9999101608663145,1.0
5.0,1.0,near_k075,0.00201424673750715,0.009003362796251333,0.021899221352581544,0.9974489303716566,0.9
5.0,0.5,near_k075,0.0004956084825679941,0.00474657532231651,0.014160225190677334,0.9991836094831537,0.95
5.0,0.25,near_k075,0.00022576148352633496,0.0022378862834386837,0.010633850354565655,0.9996605407230544,0.95
5.0,1.0,near_k100,0.006822230238470103,0.016106714088748184,0.021592891322772853,0.9934972143839086,0.95
5.0,0.5,near_k100,0.0026324601919614082,0.007182297857905334,0.014120480308607852,0.9981145840870174,0.95
5.0,0.25,near_k100,0.000777462713717432,0.0029479470223457427,0.007672408675028761,0.9993482140703761,1.0
5.0,1.0,best_q100_l000,0.00399944223098514,0.007566399389138875,0.012225876254775947,0.9990702554084366,0.95
5.0,0.5,best_q100_l000,0.0018279974184837733,0.0038045256191416507,0.005542205093872737,0.99974736512071,0.95
5.0,0.25,best_q100_l000,0.0007284305201731012,0.0015194022193324788,0.00328174678946197,0.9999053372886672,0.95
5.0,1.0,best_q095_l000,0.0009295410239020252,0.003010335787861314,0.0069405315838452775,0.9993246991293444,0.9
5.0,0.5,best_q095_l000,0.0003133696414648335,0.001236099289653493,0.003692539140242479,0.9998577044593977,0.95
5.0,0.25,best_q095_l000,7.569203836910177e-05,0.000698846769152113,0.003443243930944015,0.9999354846489643,0.95
5.0,1.0,best_q090_l000,0.0006544414866380965,0.0027048794235839876,0.0067404232099884664,0.9993144490268433,0.9
5.0,0.5,best_q090_l000,0.0001872369464417517,0.001158076841641549,0.0038015911623424797,0.9998806164532233,0.95
5.0,0.25,best_q090_l000,4.8844845398160475e-05,0.0005628289166811004,0.0036074404788620368,0.9999360875961701,0.95
5.0,1.0,best_q100_l025,0.003067820857876144,0.0065461424872678,0.009618335765202018,0.9993373610206691,0.9
5.0,0.5,best_q100_l025,0.0015844839351830259,0.003255128555136509,0.005137758963646738,0.999820321732629,0.95
5.0,0.25,best_q100_l025,0.000601657626177865,0.0013228340373813777,0.0024627621955432832,0.9999011166582255,0.95
5.0,1.0,best_q095_l025,0.0008287127452054066,0.0027240987723807716,0.0067523305886165175,0.9993777584834672,0.9
5.0,0.5,best_q095_l025,0.0002895115621905017,0.0011829747960843406,0.0038667178978619154,0.999884837083665,0.95
5.0,0.25,best_q095_l025,8.282362866844639e-05,0.0005152451318407719,0.0028333678051436634,0.9999511612763187,0.95
5.0,1.0,best_q090_l025,0.0006492111707374071,0.0026029808219785386,0.006719830899742124,0.9993265079709622,0.9
5.0,0.5,best_q090_l025,0.00019643321308085437,0.0011719291798439335,0.00392150103055626,0.999884837083665,0.95
5.0,0.25,best_q090_l025,5.181814417176689e-05,0.0006254689775877648,0.002525624292783371,0.9999583966427901,1.0
5.0,1.0,best_q100_l050,0.0030053473146585685,0.00637010445592863,0.01023134902949302,0.9991932566384488,0.9
5.0,0.5,best_q100_l050,0.0014190381874695096,0.0031391222178598355,0.005484464519886628,0.9997817331114487,0.95
5.0,0.25,best_q100_l050,0.0004885631414964786,0.0012925072454383069,0.002083783398026076,0.9999023225526373,0.95
5.0,1.0,best_q095_l050,0.000851824383501773,0.002872124748336695,0.005287447798586115,0.9993439934399344,0.95
5.0,0.5,best_q095_l050,0.0002881512928538943,0.0013849189646016336,0.004337605528419733,0.9998396160432192,1.0
5.0,0.25,best_q095_l050,8.106299295292108e-05,0.0006778691504950862,0.0027940521114993427,0.9999234257048452,1.0
5.0,1.0,best_q090_l050,0.0006746227589376347,0.003007278609102562,0.0070659097268985505,0.9993283168125798,0.95
5.0,0.5,best_q090_l050,0.0001701295212964693,0.0011778248768301441,0.004532935410508976,0.9998571015121916,1.0
5.0,0.25,best_q090_l050,5.4745572377584706e-05,0.0004864500199882882,0.002530814353326513,0.9999300581241107,1.0
6.5,1.0,near_k000,0.0003920121853433767,0.002181456046104417,0.006504159694245209,0.9997075706051177,0.95
6.5,0.5,near_k000,0.00021275814618701427,0.0008893034859129428,0.006438868373728229,0.9999035284470491,1.0
6.5,0.25,near_k000,0.00013950778766812222,0.0007433151528056514,0.006958602992387597,0.9999252345464632,1.0
6.5,1.0,near_k050,0.0005951992660289396,0.004258390498060774,0.007884231905806838,0.9992312423124232,0.95
6.5,0.5,near_k050,0.0002353917478293277,0.0015509225759445591,0.006955678335235679,0.9998118804717459,0.95
6.5,0.25,near_k050,0.00014062388457908304,0.0008699943167758198,0.007005920997325887,0.9998932783445481,1.0
6.5,1.0,near_k075,0.0013853253197071008,0.006171419513863331,0.02239974738191772,0.9984419844198443,1.0
6.5,0.5,near_k075,0.0003637536071546543,0.0025128346769571416,0.011965416387871875,0.9995544220148084,1.0
6.5,0.25,near_k075,0.00016133200863654995,0.0012427275308493982,0.005255199149978636,0.9998269541518945,1.0
6.5,1.0,near_k100,0.005663534670482792,0.013663017241454502,0.021973344513363816,0.9964064346525819,0.9
6.5,0.5,near_k100,0.002157617591705005,0.00614145320930936,0.011900622619896425,0.9988007380073801,0.95
6.5,0.25,near_k100,0.0006238737056368515,0.0033267039438487356,0.0063312709505499165,0.9995248776017173,0.95
6.5,1.0,best_q100_l000,0.004748276115126154,0.008949207230782491,0.01229707994314344,0.9990835202469673,0.95
6.5,0.5,best_q100_l000,0.0022191611217554086,0.004352072988290136,0.006441975943425937,0.9995893929527532,0.95
6.5,0.25,best_q100_l000,0.000767726940180874,0.0018524496661530832,0.004560551224674442,0.9998655427730748,0.95
6.5,1.0,best_q095_l000,0.0008428366347392469,0.002211170193749404,0.005963428495962691,0.9996315992571692,0.95
6.5,0.5,best_q095_l000,0.0002130167973240088,0.0007446456034690269,0.006214689805834256,0.9998800135060174,0.95
6.5,0.25,best_q095_l000,6.139139973512786e-05,0.0003751371612411153,0.0062671670977218485,0.999925837493669,1.0
6.5,1.0,best_q090_l000,0.0005308288659692934,0.0019705509770352736,0.00636734924423007,0.9996894821889395,1.0
6.5,0.5,best_q090_l000,0.00013381754582278416,0.0005770123177184783,0.005993221715904912,0.9998854400308709,1.0
6.5,0.25,best_q090_l000,4.033770813458015e-05,0.000262030437971128,0.0061394552846826544,0.999958999589996,1.0
6.5,1.0,best_q100_l025,0.0036978429778104505,0.007189005370305826,0.01239015391034845,0.9992993753466946,0.95
6.5,0.5,best_q100_l025,0.0016572529663511637,0.003527160511612254,0.005863217217647487,0.9997256590212962,0.95
6.5,0.25,best_q100_l025,0.0005778749785153026,0.0014593078106754365,0.005678229943734292,0.9998564985649856,1.0
6.5,1.0,best_q095_l025,0.0007036620221821249,0.0019454404051358898,0.005960575717050984,0.9996605407230544,1.0
6.5,0.5,best_q095_l025,0.00018831867832805327,0.000733201746916351,0.006167783999880522,0.9999210139160215,1.0
6.5,0.25,best_q095_l025,5.768504548039899e-05,0.0003801599618762849,0.006071750546347399,0.999937896437788,1.0
6.5,1.0,best_q090_l025,0.00045554483563961523,0.0017277126647538138,0.006469531190261554,0.9997184236548248,1.0
6.5,0.5,best_q090_l025,0.00011282829544317918,0.0006586776946988226,0.006014375636490488,0.999925837493669,1.0
6.5,0.25,best_q090_l025,4.468131546726817e-05,0.00038692591942182664,0.006075604302041765,0.9999674408508792,1.0
6.5,1.0,best_q100_l050,0.003367343928002378,0.006738459037493191,0.009999541878816742,0.9993114342908135,1.0
6.5,0.5,best_q100_l050,0.0014948904436428434,0.003195323819143586,0.004623163563572286,0.9997558063815932,1.0
6.5,0.25,best_q100_l050,0.0004877055252634696,0.001150363308105938,0.005766385191418644,0.9998993078166076,1.0
6.5,1.0,best_q095_l050,0.0006978980747038427,0.001838347733983961,0.006570866452133863,0.9996973205026167,0.95
6.5,0.5,best_q095_l050,0.00019567178334931046,0.0007994178430429169,0.006733507176241216,0.9999011166582255,0.95
6.5,0.25,best_q095_l050,5.7566922471039006e-05,0.00039777527781958977,0.006895650969306888,0.999957793695584,0.95
6.5,1.0,best_q090_l050,0.00047254154089370476,0.0016117204417123903,0.006561569072584657,0.9997443503846803,0.95
6.5,0.5,best_q090_l050,0.00012278776979429695,0.0007726316490635141,0.00633222232039965,0.9999179991799919,0.95
6.5,0.25,best_q090_l050,4.0854728119349426e-05,0.0003751007112383978,0.0066137274972456195,0.9999523671707304,1.0
8.0,1.0,near_k000,0.00034837220761452237,0.0015931854219352476,0.004395460156497333,0.9996617466174663,1.0
8.0,0.5,near_k000,0.00021898349359622538,0.0009093895347856637,0.0024719649652853726,0.999864939825869,1.0
8.0,0.25,near_k000,0.0001389271996520905,0.0006751621539015998,0.0033871040885301573,0.9999023225526373,1.0
8.0,1.0,near_k050,0.0004855665845511503,0.0030643418420264676,0.0061006066086140565,0.9994211706822951,1.0
8.0,0.5,near_k050,0.00022769385033841183,0.0013090851340005968,0.004344508703406524,0.9996888792417336,1.0
8.0,0.25,near_k050,0.00013674599647403585,0.0007333691877294962,0.0043775750282358805,0.999862528037045,1.0
8.0,1.0,near_k075,0.0010551199251420118,0.004648439213591843,0.01262759244703858,0.9989665484890143,0.95
8.0,0.5,near_k075,0.0003126485561595199,0.002242269338763564,0.005701695485915204,0.9997154089187952,1.0
8.0,0.25,near_k075,0.0001508390598645437,0.0012160585966730086,0.005255199149978636,0.99985288088175,0.95
8.0,1.0,near_k100,0.0046708974028727285,0.010278048843559914,0.01496092287607037,0.9979499794997949,0.95
8.0,0.5,near_k100,0.0016988685250264451,0.004884401711574636,0.010640709110259217,0.9992149627378628,0.95
8.0,0.25,near_k100,0.00043305805245180684,0.00247780246654623,0.005280476965406594,0.9997220413380605,1.0
8.0,1.0,best_q100_l000,0.00547830702058516,0.010814775021200915,0.017385399466646828,0.9983147625593903,0.9
8.0,0.5,best_q100_l000,0.0026834871131036914,0.0052679281159542304,0.008230427090425818,0.9994380532040616,0.95
8.0,0.25,best_q100_l000,0.0010123113918571874,0.0023026585320340895,0.00398100431293727,0.9997811301642429,0.95
8.0,1.0,best_q095_l000,0.0005575483136408821,0.001837844967346916,0.0038219517256406488,0.9995779369558401,1.0
8.0,0.5,best_q095_l000,0.00016280344131200386,0.0007375446919360706,0.0021191761928673405,0.999854689723368,1.0
8.0,0.25,best_q095_l000,4.793003146530417e-05,0.00024256038180209966,0.0020304915469485096,0.9999511612763187,1.0
8.0,1.0,best_q090_l000,0.0003636206570436368,0.001307116891022489,0.0038505402961863527,0.9997087764995297,1.0
8.0,0.5,best_q090_l000,0.00010501902296337906,0.0005292707686777379,0.0021123073128012926,0.9998938812917542,1.0
8.0,0.25,best_q090_l000,3.4982373164071934e-05,0.0001876169045064019,0.002118247463100513,0.9999620143260257,1.0
8.0,1.0,best_q100_l025,0.004037045025466771,0.008375880975360663,0.010147386466013764,0.9991866242191834,0.95
8.0,0.5,best_q100_l025,0.0019920108682469975,0.003938586530974057,0.005494659930086562,0.9996822468224683,0.95
8.0,0.25,best_q100_l025,0.0007444232683363333,0.0016721912671238542,0.0026328793167798292,0.9998372042543956,1.0
8.0,1.0,best_q095_l025,0.00043929517012793184,0.001540883454162742,0.003845092716608635,0.9997636446952707,1.0
8.0,0.5,best_q095_l025,0.00013112124620043297,0.0006362786341227375,0.002698163965063935,0.9999210139160215,0.95
8.0,0.25,best_q095_l025,3.428907867450426e-05,0.00018935424770968878,0.0026496751099063798,0.9999728673757325,1.0
8.0,1.0,best_q090_l025,0.00031382125450292453,0.0014422101825779868,0.003939016415226065,0.999778718375419,0.95
8.0,0.5,best_q090_l025,8.976350686643042e-05,0.000560011726538065,0.0026610266841192096,0.9999330728601404,1.0
8.0,0.25,best_q090_l025,3.020208350332232e-05,0.00014949352034612784,0.002590714168157336,0.9999692496924969,1.0
8.0,1.0,best_q100_l050,0.003555139185315928,0.00718798071506839,0.010740188745980678,0.9994241854183247,0.95
8.0,0.5,best_q100_l050,0.001604489416302965,0.0035683672273044142,0.00549953805300421,0.9997612329064466,1.0
8.0,0.25,best_q100_l050,0.0005787940319944146,0.001339673709876095,0.0021371452243311856,0.9999143814967562,1.0
8.0,1.0,best_q095_l050,0.00046171482015043563,0.0016299758495488745,0.004625568026475721,0.9997298796517377,1.0
8.0,0.5,best_q095_l050,0.00011444693468397327,0.0006576716344718486,0.002661006071128083,0.9999342787545522,1.0
8.0,0.25,best_q095_l050,3.707862688683006e-05,0.00020962979037879997,0.002602535604051215,0.9999692496924969,1.0
8.0,1.0,best_q090_l050,0.0003481496633921527,0.0013595442079941678,0.0045188722626825426,0.9997775124810072,0.95
8.0,0.5,best_q090_l050,8.374783877258818e-05,0.0005828761098795807,0.0026906815638019707,0.999948146540289,1.0
8.0,0.25,best_q090_l050,2.7835197027779868e-05,0.0001614534263224901,0.002667951045904747,0.9999776909533803,1.0
