strategy,common_players,median_signed_change,median_abs_change,p95_abs_change,rank_agreement
naive,261,0.009393928393410272,0.009767751267847763,0.03385350250124314,0.937961406847956
near_k000,261,0.024406415139592172,0.024406415139592172,0.07198389907390093,0.8972921349072968
near_k050,261,0.02453946140516454,0.02453946140516454,0.07212586509666932,0.8963046955676597
near_k075,261,0.02456388438920759,0.02456388438920759,0.07209907138363197,0.8948765194619369
near_k100,261,0.023262625366619244,0.023262625366619244,0.0682537448059472,0.8922199499193445
best_q100_l000,261,0.008012673401966177,0.008012673401966177,0.02635284251752873,0.8787602675467904
best_q095_l000,261,0.012478149896173636,0.012478149896173636,0.03756904756313484,0.8664432610471042
best_q090_l000,261,0.014266823116892133,0.014266823116892133,0.04242066939933747,0.8626176929151397
best_q100_l025,261,0.014279536170264319,0.014279536170264319,0.04154448515331831,0.863648328507502
best_q095_l025,261,0.01717324356419655,0.01717324356419655,0.05123054229394336,0.8714439022414806
best_q090_l025,261,0.018478449123519466,0.018478449123519466,0.05490783037375606,0.874194963586909
best_q100_l050,261,0.017834345233326034,0.017834345233326034,0.051329955917750206,0.8731197818589238
best_q095_l050,261,0.02007348644747775,0.02007348644747775,0.058374087639507494,0.8859119471385857
best_q090_l050,261,0.020891602421095404,0.020891602421095404,0.061421425943372895,0.8876134745310845
