n_qualified,median_dep_share,league_dep_share,rho_attempt_rate,linear_r2,cubic_r2,residual_sd,fallback_rate,n_half_players,half_rho,half_residual_r,half_attempt_rate_rho,fraction_negative,n_low_fallback,rho_low_fallback,rho_ci_lower,rho_ci_upper,version,strategy
261,0.03393911602372734,0.027897312861150738,0.7406277503907915,0.5354823944556241,0.5389784045590428,0.01893976382997205,,239,0.7516762772054428,0.5722407290642432,0.8506679541342782,0.05363984674329502,0,,0.6742532575142118,0.7947350387153436,as_saved,naive
261,0.08750047023500589,0.06926068859558517,0.9815177158879576,0.9626794291574184,0.9628889020366481,0.007497619412307343,0.013875896476457749,239,0.8413469990506661,0.518797030082591,0.8506679541342782,0.0,239,0.9793372365963593,0.9740615800985216,0.9856018018069536,as_saved,near_k000
261,0.08711320532860432,0.06866596452987168,0.9796272023378131,0.9590029177352293,0.9592329067493492,0.007814609715764014,0.014967259120673527,239,0.8428096761717239,0.5447452999856737,0.8506679541342782,0.0,236,0.9764357103204573,0.9723586647529098,0.9841743045785446,as_saved,near_k050
261,0.0850189639630987,0.06719985069577943,0.9763398955738076,0.9510723125330228,0.951328446822087,0.008388855211799223,0.021931192183764683,239,0.8426637600646952,0.5494664604491389,0.8506679541342782,0.0,227,0.9732391711106764,0.9676189651327594,0.9816212692183983,as_saved,near_k075
261,0.07522161429770387,0.0596080408517857,0.964254377677025,0.9267568618843736,0.927259327828419,0.009436785026707962,0.14598274607629144,239,0.8440886396399564,0.5531828823678056,0.8506679541342782,0.0,12,0.9720279720279721,0.9513727629358276,0.971686436651732,as_saved,near_k100
261,0.007467138156404953,0.004468995657322282,0.09173850303192467,0.0013920465086567863,0.020847989713249637,0.013606765945507632,0.013875896476457749,239,0.5060309060862839,0.4797167928734096,0.8506679541342782,0.30268199233716475,239,0.04466709870212268,-0.043610072360494356,0.22670467951135923,as_saved,best_q100_l000
261,0.030926879778084348,0.024410839025671226,0.690873361915522,0.488407920508876,0.49652120695856583,0.01222677533629007,0.013875896476457749,239,0.6402719665271966,0.5397963778747127,0.8506679541342782,0.011494252873563218,239,0.6484745919899166,0.6021647133003845,0.7643957545204326,as_saved,best_q095_l000
261,0.04024497664234035,0.03191081090364083,0.8137634920985163,0.6682032926332659,0.6729103671457841,0.011486604238409802,0.013875896476457749,239,0.707748496888295,0.5472184700604871,0.8506679541342782,0.0038314176245210726,239,0.7843002817469046,0.7558434677149952,0.8555656104728082,as_saved,best_q090_l000
261,0.042711277613242615,0.03429334488352908,0.849686961734242,0.7214539160640226,0.7247996014617866,0.011033487669323536,0.013875896476457749,239,0.7132080447241658,0.5241192740606333,0.8506679541342782,0.0038314176245210726,239,0.8260064216380837,0.8036190449323823,0.8833506903491468,as_saved,best_q100_l025
261,0.0578589828617738,0.04574238805934651,0.9209801107993769,0.8411759829735902,0.8431633502093395,0.010512700805804407,0.013875896476457749,239,0.7793634190077704,0.5577087417784896,0.8506679541342782,0.0,239,0.9079929406392778,0.8963366559999211,0.9386527621883797,as_saved,best_q095_l025
261,0.06339521114537164,0.050088030270784484,0.9384617928637445,0.8751649535548445,0.876825636576559,0.010047960755399238,0.013875896476457749,239,0.7959837910059421,0.5559467729234407,0.8506679541342782,0.0,239,0.9282849798705778,0.9189603119747541,0.9522767297367215,as_saved,best_q090_l025
261,0.05903685754144981,0.046866096125428726,0.9332441509503593,0.8659801722857622,0.8675188631640066,0.009809126767717813,0.013875896476457749,239,0.7945650645195316,0.5338132304936871,0.8506679541342782,0.0,239,0.9221384741601656,0.9113407172040859,0.9485502079487922,as_saved,best_q100_l050
261,0.07222016929110599,0.05702375758837536,0.9600407125240253,0.9181654298915926,0.9192246638164343,0.00913999749180909,0.013875896476457749,239,0.8164762139165289,0.5371297604731045,0.8506679541342782,0.0,239,0.9537385895747472,0.9463857408080723,0.9694880748764747,as_saved,best_q095_l050
261,0.07727142794089413,0.06095461035951138,0.9667499770528407,0.9320011858878624,0.9328721690517314,0.008871906389004083,0.013875896476457749,239,0.8234309623430962,0.5310051666761005,0.8506679541342782,0.0,239,0.9615670886604719,0.954462120054599,0.9747092046798064,as_saved,best_q090_l050
261,0.03350008640962226,0.027324903257221027,0.7336525585721665,0.5278568599918614,0.5316191048683434,0.018964634319636107,,239,0.7504887310572763,0.5780853897585856,0.8506679541342782,0.04980842911877394,0,,0.6644313909153677,0.7864607157128467,old_geometry_same_model,naive
261,0.08767354230036004,0.06887719720256365,0.9811316488580815,0.961917971155638,0.9621797228047355,0.007511978285412718,0.013875896476457749,239,0.8384849337224428,0.5097018859301917,0.8506679541342782,0.0,239,0.9784700892408611,0.9739952270764498,0.9856601869139732,old_geometry_same_model,near_k000
261,0.08731957571942768,0.06826374287762826,0.9791864649767833,0.9582178896232417,0.9584877865123834,0.007826431612991546,0.014967259120673527,239,0.8395292008016595,0.5417553214181299,0.8506679541342782,0.0,236,0.9756341277883821,0.9712380097386528,0.9842895474124302,old_geometry_same_model,near_k050
261,0.08608608442763076,0.06680777408328765,0.9757007251589606,0.9504077364623138,0.9507251471293058,0.008373671139800913,0.021931192183764683,239,0.8390518969093914,0.5497244513420618,0.8506679541342782,0.0,227,0.9723363627868847,0.9668378455857288,0.9810865418890244,old_geometry_same_model,near_k075
261,0.07533174470368127,0.0591542546309418,0.9637842803233386,0.9268910835221892,0.9275429356078948,0.00931653391595759,0.14598274607629144,239,0.8425547624907702,0.5489303892077354,0.8506679541342782,0.0,12,0.9440559440559443,0.9517490915655905,0.9715193487489412,old_geometry_same_model,near_k100
261,0.009422382247624204,0.006166832175570954,0.15336647750296098,0.01090916527987038,0.029854479430334924,0.013636846619313034,0.013875896476457749,239,0.5350242607503252,0.5109508201813269,0.8506679541342782,0.2567049808429119,239,0.1074484793387921,0.025096902795383194,0.2768186953822085,old_geometry_same_model,best_q100_l000
261,0.030805422476019705,0.024562848549643898,0.694198802922863,0.49298942714330657,0.5010286021267757,0.012203099766170716,0.013875896476457749,239,0.6655550086143244,0.5486354686075781,0.8506679541342782,0.011494252873563218,239,0.6543525589095485,0.609734497116092,0.7630237774224182,old_geometry_same_model,best_q095_l000
261,0.03973799309054685,0.03163796888709988,0.8094161883582519,0.6630320580358284,0.6679785799340692,0.011515794796289978,0.013875896476457749,239,0.7245235751204246,0.5709546927669726,0.8506679541342782,0.0038314176245210726,239,0.7809244283066703,0.7496630358573875,0.8519130848893475,old_geometry_same_model,best_q090_l000
261,0.04277573101102987,0.03433865590104168,0.8492799714912086,0.7199957678722663,0.7234424017503753,0.011026548638310894,0.013875896476457749,239,0.7245024788157941,0.5392545176908822,0.8506679541342782,0.0,239,0.8265645955567268,0.8034812369011459,0.881510277088472,old_geometry_same_model,best_q100_l025
261,0.057615069617431264,0.045139172088680755,0.917047559139285,0.8369384311561708,0.838957969042746,0.010517480133320817,0.013875896476457749,239,0.7819213459442353,0.5606601899587961,0.8506679541342782,0.0,239,0.9034247046468559,0.8934681607714671,0.9361769726577449,old_geometry_same_model,best_q095_l025
261,0.06313633948202135,0.049324673742446985,0.9346169837104427,0.8709955216383582,0.8726168571174286,0.010071731321898694,0.013875896476457749,239,0.7975009669139622,0.5587772650311811,0.8506679541342782,0.0,239,0.9239114454891468,0.9145171811713394,0.9490413180686416,old_geometry_same_model,best_q090_l025
261,0.060623941687527404,0.047489543392119735,0.93718682674585,0.8731867638589837,0.874741762850612,0.009610908531925734,0.013875896476457749,239,0.78966368974368,0.539045178626698,0.8506679541342782,0.0,239,0.9273448743493355,0.9168953899070857,0.9521668934210721,old_geometry_same_model,best_q100_l050
261,0.07279253638219998,0.0568205888920334,0.9594710611722501,0.9167490064354361,0.9177998995450887,0.009166155607114413,0.013875896476457749,239,0.8099266903414085,0.5427033387607466,0.8506679541342782,0.0,239,0.9529562670746018,0.9463570743899148,0.9684139725195127,old_geometry_same_model,best_q095_l050
261,0.07714082106800743,0.060403750295020334,0.9657429630518354,0.9299242916181744,0.9307382697553719,0.008921100951392449,0.013875896476457749,239,0.8185647480749622,0.5359937417157354,0.8506679541342782,0.0,239,0.9602367009032021,0.9547697645251856,0.9736986075425246,old_geometry_same_model,best_q090_l050
271,0.04146493710988582,0.0356495197536649,0.7025523976512852,0.49267597239109256,0.49623313872252084,0.023232581745870805,,251,0.721450958072472,0.5673733812052214,0.8952794376598269,0.04428044280442804,0,,0.618808486811518,0.7644740488707661,corrected_geometry,naive
271,0.11229644663620683,0.09016045851645761,0.9853839479682156,0.9719696832568824,0.9723393092588536,0.008061882503412839,0.010573520941331358,251,0.8830696262568771,0.5544715227354061,0.8952794376598269,0.0,259,0.9841797184264373,0.9788480401342371,0.9888505844192678,corrected_geometry,near_k000
271,0.11108979626428127,0.08957075336298209,0.9839353664325201,0.9695146724697293,0.9698484713734548,0.008396118938259277,0.011437505142763104,251,0.8831697970024662,0.5833637866091084,0.8952794376598269,0.0,256,0.9822880212264059,0.9771254114758308,0.9878391226822203,corrected_geometry,near_k050
271,0.10940123986608365,0.08811734183066834,0.9810544829455048,0.963227382634875,0.9635640481632446,0.009136759989510943,0.016909405085164156,251,0.8807778410168848,0.5961524099370707,0.8952794376598269,0.0,246,0.9779947592080908,0.972874852942804,0.9856881166816953,corrected_geometry,near_k075
271,0.09779176854504922,0.0792495497237066,0.9688794641486121,0.9390242841952802,0.9396430893645284,0.010868309872083422,0.12120464082942484,251,0.8738637829633846,0.5827604879310947,0.8952794376598269,0.0,24,0.988695652173913,0.9566951728613208,0.9762400720298894,corrected_geometry,near_k100
271,0.01851117965911192,0.013201675546428208,0.347276998334119,0.10974216676350042,0.12492316893695776,0.0165527714541654,0.010573520941331358,251,0.6468586605957124,0.633697180960929,0.8952794376598269,0.12177121771217712,259,0.32174024306037724,0.22960754966840974,0.47181326260663375,corrected_geometry,best_q100_l000
271,0.045459559410188734,0.035346149381425815,0.756835465858533,0.6011988826797292,0.6076501412330084,0.014488898847524528,0.010573520941331358,251,0.76106848795295,0.6455463587408676,0.8952794376598269,0.007380073800738007,259,0.735702924953783,0.6948590434376336,0.8176297267047815,corrected_geometry,best_q095_l000
271,0.055622742775855515,0.04400800072904514,0.8437117693558255,0.7328268458180551,0.7370159603341289,0.013548965393505329,0.010573520941331358,251,0.7964151014987668,0.6550914206518862,0.8952794376598269,0.0036900369003690036,259,0.8286464532535351,0.8017242754298319,0.8824751968087539,corrected_geometry,best_q090_l000
271,0.058583920613143624,0.04649032680461889,0.8701844838679944,0.7736530748399661,0.7780977634202979,0.012660740385069157,0.010573520941331358,251,0.7901081388730791,0.6180846412772676,0.8952794376598269,0.0,259,0.8584317996311785,0.831352904284451,0.9038140092229817,corrected_geometry,best_q100_l025
271,0.07494277590569723,0.06003294498273497,0.927094293161718,0.8691518474130558,0.8712155543334799,0.011966720513957304,0.010573520941331358,251,0.8325683930942894,0.6271500843308075,0.8952794376598269,0.0,259,0.9198583998549384,0.9021791868434728,0.9454304373413297,corrected_geometry,best_q095_l025
271,0.08141888453109031,0.0653568974512991,0.942403433424811,0.8967887653190498,0.898338840566639,0.011425978072097819,0.010573520941331358,251,0.8450373743122747,0.621447151435664,0.8952794376598269,0.0,259,0.9366282194979636,0.922452114689779,0.9568594692531028,corrected_geometry,best_q090_l025
271,0.07746190258267907,0.06267871744976647,0.9448631580345386,0.9002706276001413,0.9020144672707692,0.010694297524912843,0.010573520941331358,251,0.8346992980459116,0.5956462489952087,0.8952794376598269,0.0,259,0.9392960433152242,0.9250213272775967,0.9590879562679105,corrected_geometry,best_q100_l050
271,0.09192104028881953,0.07418467605845365,0.9659889335004852,0.935493856139735,0.9366802232452338,0.010019229475305738,0.010573520941331358,251,0.8545164105482831,0.5977947524028333,0.8952794376598269,0.0,259,0.9626174856944636,0.9527827348746888,0.9744966725243641,corrected_geometry,best_q095_l050
271,0.09766467352706372,0.0786040672561687,0.9714046085696292,0.9460255098163647,0.9469903427865408,0.009688448205531624,0.010573520941331358,251,0.863287421741605,0.5861491325971806,0.8952794376598269,0.0,259,0.9686483215935996,0.9598692673342317,0.9787516342812905,corrected_geometry,best_q090_l050
