n_qualified,median_dep_share,league_dep_share,rho_attempt_rate,linear_r2,cubic_r2,residual_sd,fallback_rate,n_half_players,half_rho,half_residual_r,half_attempt_rate_rho,fraction_negative,n_low_fallback,rho_low_fallback,rho_ci_lower,rho_ci_upper,grid,radius,strategy,median_travel,p90_travel,fraction_near_radius,mean_candidate_count
271,0.04146493710988582,0.0356495197536649,0.7025523976512852,0.49267597239109256,0.49623313872252084,0.023232581745870805,,251,0.721450958072472,0.5673733812052214,0.8952794376598269,0.04428044280442804,0,,0.618808486811518,0.7644740488707661,,,naive,,,,
271,0.10552506718595818,0.08457742166292347,0.9662056931517161,0.9372461123758545,0.9373983613912806,0.011966810869955637,0.08335390438574837,251,0.8836486435211536,0.5982685790455695,0.8952794376598269,0.0,95,0.9876539753639418,0.9520747333002466,0.9755746815761283,1.0,5.0,near_k000,1.65521921822108,3.5095466060515474,0.02253141831238779,22.32716201760882
271,0.10505240186269157,0.08363144718683549,0.9607013847898573,0.9284664192970814,0.9286151672940268,0.012712576918099554,0.09462684110919115,251,0.882701574653766,0.6126254479906031,0.8952794376598269,0.0,85,0.9874926714871995,0.9442439017119317,0.9717406307934835,1.0,5.0,near_k050,1.6357960194575198,3.4553312972351593,0.0218576751794965,22.32716201760882
271,0.10082936628645289,0.07975742265056605,0.9417266247780605,0.8870907449507207,0.8875261329560504,0.015541609350523181,0.15132066156504567,251,0.8755719977233922,0.6633610335685443,0.8952794376598269,0.0,47,0.9846207215541166,0.9212281838918152,0.9560524200699855,1.0,5.0,near_k075,1.5606518193862775,3.563811702848009,0.029377545084351368,22.32716201760882
271,0.077629112349336,0.06173172415007778,0.8789634004797442,0.7766046792597623,0.7785463260792547,0.01887077956635725,0.4802929317863902,251,0.832592676911402,0.6186116230111047,0.8952794376598269,0.007380073800738007,0,,0.8392498396412589,0.905911626607758,1.0,5.0,near_k100,2.7853310090446244,4.477604242199823,0.0954718176060798,22.32716201760882
271,0.08783250243112814,0.07060060957303821,0.9617978449449719,0.9305915763598965,0.9308734074627651,0.01055861478791317,0.08335390438574837,251,0.8699616771011194,0.5225692394937839,0.8952794376598269,0.0,95,0.9837625979843225,0.9464927913674842,0.972964452244411,1.0,5.0,best_q100_l000,4.617825994807234,4.938832397425021,0.604129263913824,22.32716201760882
271,0.09109487214794908,0.07312420356342376,0.9625192717118647,0.9316771242397344,0.9318877336467494,0.010846792565219789,0.08335390438574837,251,0.8739343578068677,0.5442159263421239,0.8952794376598269,0.0,95,0.9850923852183651,0.9468907834922314,0.9734693989913796,1.0,5.0,best_q095_l000,4.473551268461028,4.910161967642939,0.48002692998204666,22.32716201760882
271,0.09350852671680891,0.07477988741388565,0.9633055153424774,0.9331354131449955,0.9333277212610811,0.010960194226009166,0.08335390438574837,251,0.8780982735723771,0.5496868706396639,0.8952794376598269,0.0,95,0.9862262038073909,0.9478769437082146,0.9739922163624136,1.0,5.0,best_q090_l000,4.365970402113619,4.892203568642917,0.40973967684021545,22.32716201760882
271,0.09302015954663313,0.07477050380935821,0.964376048752104,0.9349622667245001,0.9351614044521683,0.01078186051323348,0.08335390438574837,251,0.8777347751849743,0.5421676494973771,0.8952794376598269,0.0,95,0.9847284434490482,0.9489272445577367,0.9750997920834688,1.0,5.0,best_q100_l025,4.520139015610911,4.923058075994881,0.5146319569120287,22.32716201760882
271,0.09611478706163733,0.0769451324570058,0.9647019419134124,0.9358601034232298,0.9360442204898125,0.011011580377418922,0.08335390438574837,251,0.8781718838929994,0.5551084930273343,0.8952794376598269,0.0,95,0.9867721164613663,0.9494924239179647,0.9753692800478073,1.0,5.0,best_q095_l025,4.356671494529922,4.89401527540075,0.4073608617594255,22.32716201760882
271,0.0982250303858616,0.07845509884347156,0.9652418814618893,0.937235716601848,0.9373943134620006,0.011101769434489662,0.08335390438574837,251,0.8803407323088597,0.5583780890585268,0.8952794376598269,0.0,95,0.9866881298992162,0.9500957864903096,0.9754898221163949,1.0,5.0,best_q090_l025,4.261823858761909,4.8761472088279225,0.36346499102333935,22.32716201760882
271,0.09695902532353648,0.0779345025141313,0.9647794206760916,0.9355557305099994,0.9357681002353833,0.011154188285914392,0.08335390438574837,251,0.8788799089356858,0.5457853297345862,0.8952794376598269,0.0,95,0.9855123180291154,0.9494908144988832,0.9749204973252321,1.0,5.0,best_q100_l050,4.359703329126506,4.9005411020489165,0.41768402154398565,22.32716201760882
271,0.09970830053184483,0.07999608501274295,0.9656175177976805,0.9369726829003878,0.9371713929893819,0.011320005894078599,0.08335390438574837,251,0.8820633655852778,0.5593833961810543,0.8952794376598269,0.0,95,0.9858902575587905,0.9511919103283403,0.9756694605250419,1.0,5.0,best_q095_l050,4.1910287568642355,4.872230259663074,0.3400359066427289,22.32716201760882
271,0.10107181434968539,0.08142644169131442,0.9659684332831225,0.938057699067211,0.9382544933143689,0.011402133967122835,0.08335390438574837,251,0.8825323468032632,0.5644473140686476,0.8952794376598269,0.0,95,0.986478163493841,0.9514481694665128,0.976038409563564,1.0,5.0,best_q090_l050,4.118335016251826,4.8498860209471095,0.31077199281867146,22.32716201760882
271,0.10766039716673889,0.08687539109564936,0.9767021059151535,0.9542043068219621,0.9543344043446919,0.010307410046677495,0.051797909981074634,251,0.8863266932270917,0.5589571726438484,0.8952794376598269,0.0,159,0.9847966694491948,0.9671031462148445,0.9826499912752094,1.0,6.5,near_k000,1.700461853497458,3.8405626448322505,0.00785351672668894,41.49921830000823
271,0.10704001582516386,0.08593621285612985,0.9725788489612078,0.9474609311736861,0.9475875467213384,0.010995098589803284,0.060684604624372585,251,0.8858577120091065,0.563181076812446,0.8952794376598269,0.0,134,0.9876880950867883,0.9612917891876213,0.9798798531928525,1.0,6.5,near_k050,1.6894491192101635,3.831407608908246,0.008409618501160702,41.49921830000823
271,0.10409819464880896,0.08292844416981711,0.9583574261134716,0.9215406001518481,0.9217805589631587,0.013177559694033834,0.09915247264050028,251,0.8817499525706697,0.6047208386282025,0.8952794376598269,0.0,76,0.9872317156527683,0.9432141276017972,0.9692507994154531,1.0,6.5,near_k075,1.6551437980219554,4.290871809170788,0.01671538180489587,41.49921830000823
271,0.08687128201224285,0.06792158292265944,0.9156702455626231,0.8347436209102118,0.837399391944297,0.01675323588936205,0.3583065909651938,251,0.8502242458736482,0.5976076232824306,0.8952794376598269,0.007380073800738007,0,,0.8858437526497894,0.935505717219529,1.0,6.5,near_k100,3.2612267576021177,5.6428994874119125,0.05520292363916138,41.49921830000823
271,0.08128450026166503,0.06553944364245806,0.9643088200981059,0.9326692478127768,0.9329580600043929,0.009510583910724239,0.051797909981074634,251,0.860401441851641,0.46685268000720387,0.8952794376598269,0.0,159,0.972941504869583,0.9515399215601678,0.9730204350408647,1.0,6.5,best_q100_l000,6.0974910389438035,6.432572460874846,0.5811168481798065,41.49921830000823
271,0.08749829365599991,0.06993888147689682,0.9677193930249166,0.9389789186120338,0.9392197756144509,0.00962531418386397,0.051797909981074634,251,0.8671310946689433,0.5050689665578076,0.8952794376598269,0.0,159,0.9759478384711113,0.9562776352701621,0.9755820360887099,1.0,6.5,best_q095_l000,5.835746235135657,6.3843638281625665,0.3933266802620732,41.49921830000823
271,0.09026086085769242,0.07241403689672028,0.9692150044710325,0.9413345989551747,0.941556820219315,0.009752233942079105,0.051797909981074634,251,0.872592676911402,0.5252622863577029,0.8952794376598269,0.0,159,0.9779704710580382,0.9578271388436312,0.9767837281121545,1.0,6.5,best_q090_l000,5.678647457361659,6.352150501020979,0.3226450297218727,41.49921830000823
271,0.08993081081944146,0.07218123898441844,0.9691122019104347,0.9424591403686561,0.942709827235134,0.00958389600194683,0.051797909981074634,251,0.8740072092582052,0.5184995573239138,0.8952794376598269,0.0,159,0.9786929464617818,0.9577281887183212,0.9772590654565149,1.0,6.5,best_q100_l025,5.953814029829955,6.41123174031119,0.46843406951013145,41.49921830000823
271,0.09502605357025981,0.07579932334999423,0.9718058701771237,0.9467149108008543,0.9469188424855907,0.009687374736616298,0.051797909981074634,251,0.8770267501422879,0.5183136914546491,0.8952794376598269,0.0,159,0.9798408464317796,0.9608891323563792,0.9788945898772703,1.0,6.5,best_q095_l025,5.679920878621463,6.359281696542103,0.3307588840196121,41.49921830000823
271,0.09768783265419,0.07786861374166376,0.9737567070382032,0.9497287608991795,0.9498920958265651,0.00966928237573574,0.051797909981074634,251,0.8801752988047808,0.5200936590092881,0.8952794376598269,0.0,159,0.981503734034611,0.9634122258104301,0.9802937751825911,1.0,6.5,best_q090_l025,5.52896031341337,6.331808837230072,0.28250965418492646,41.49921830000823
271,0.09612705028111425,0.07681859393928277,0.9726828574169445,0.9473694943748335,0.9476162072837959,0.00973247211557263,0.051797909981074634,251,0.8772157085941946,0.5131416276108429,0.8952794376598269,0.0,159,0.9810081517328696,0.9622644050025746,0.9794043855534801,1.0,6.5,best_q100_l050,5.700052195559263,6.376331935796774,0.3541024862238035,41.49921830000823
271,0.09993798152113971,0.0801416219908047,0.9746587166021575,0.951003606885487,0.9511971651699027,0.009795323106953807,0.051797909981074634,251,0.8794627205463859,0.5156978081584939,0.8952794376598269,0.0,159,0.9821650080095252,0.9647257724622933,0.9808733613789491,1.0,6.5,best_q095_l050,5.374251213341256,6.3162301726916,0.2578209745303076,41.49921830000823
271,0.10196250595853588,0.08211706437604158,0.9758570748965156,0.9529504481825916,0.9531285378374168,0.009823568636031827,0.051797909981074634,251,0.8821096566116488,0.5167101077494021,0.8952794376598269,0.0,159,0.9831815488152056,0.9658281520378368,0.9817171979767753,1.0,6.5,best_q090_l050,5.22789232521099,6.2925336025932115,0.22328285677094634,41.49921830000823
271,0.10948593505993341,0.08812737144587994,0.9804862048612621,0.9621480759452534,0.9623683857569985,0.009362210296948784,0.03595819962149264,251,0.8819996205653577,0.5285772363544997,0.8952794376598269,0.0,195,0.9805414157965141,0.9730150735760681,0.9849885433192939,1.0,8.0,near_k000,1.7254196619305593,4.034931020627662,0.004096961420279959,66.08911379906196
271,0.1083274954949237,0.08726179870672074,0.9773593187658958,0.9568748859993559,0.9570478181363363,0.009970776522283703,0.04225294166049535,251,0.8818030734206034,0.5569897751949326,0.8952794376598269,0.0,183,0.9805621302509884,0.9687620114193187,0.982770066569885,1.0,8.0,near_k050,1.7177212484568067,4.072500946479556,0.005756261007775248,66.08911379906196
271,0.10606435100124902,0.0848626347770503,0.9671788505288703,0.9383005177390947,0.9385291143278583,0.011734014531521923,0.06689706245371513,251,0.882584708783912,0.5697088315034377,0.8952794376598269,0.0,120,0.9862889545972129,0.9544216284587661,0.9761726889192818,1.0,8.0,near_k075,1.7090793094053411,4.813037946682353,0.008950617283950617,66.08911379906196
271,0.09066108742644484,0.07217359774275497,0.9371378923004696,0.8758148223292588,0.8772817100964583,0.014984764403826518,0.2729367234427713,251,0.8544056156327072,0.5604926071853669,0.8952794376598269,0.0036900369003690036,1,,0.9150715994383807,0.9522391618554013,1.0,8.0,near_k100,3.595377375506305,6.674374129138439,0.03129244001810774,66.08911379906196
271,0.07312951676470948,0.05862840735299827,0.9571479132890781,0.9182304971235022,0.9192409030202537,0.00919377250315521,0.03595819962149264,251,0.8347971921836463,0.4275789465450673,0.8952794376598269,0.0,195,0.9534629385451098,0.9431027420161466,0.9675341539631755,1.0,8.0,best_q100_l000,7.590669044680144,7.934824955491816,0.5752816660976442,66.08911379906196
271,0.08275420519891265,0.06553547512779624,0.9642376722849064,0.9311396270060087,0.9318176585270176,0.009429173396339143,0.03595819962149264,251,0.8517161828874975,0.4806194387364697,0.8952794376598269,0.0,195,0.9608518031353309,0.9517651158262085,0.972847521651232,1.0,8.0,best_q095_l000,7.214713040175549,7.859334368720271,0.3373164902697166,66.08911379906196
271,0.0869116017265269,0.06891860712859182,0.9669219948642684,0.9373021561494714,0.9378270911863711,0.009448842868045421,0.03595819962149264,251,0.8573720356668564,0.48955077613219533,0.8952794376598269,0.0,195,0.9642431875946035,0.9552900395320754,0.9748275687830303,1.0,8.0,best_q090_l000,6.9966452568880895,7.815023399106366,0.26771082280641856,66.08911379906196
271,0.08606055964070336,0.06841648935762722,0.969043465887513,0.9408086656964644,0.941516652117388,0.009020466515947153,0.03595819962149264,251,0.8573530639347372,0.475540622780591,0.8952794376598269,0.0,195,0.9656091281737617,0.9578328244277015,0.9772291881192089,1.0,8.0,best_q100_l025,7.414066121278951,7.910134193713208,0.44750768180266304,66.08911379906196
271,0.09243213328809509,0.07371088753399267,0.9721815065129148,0.9469620395498098,0.9474516061739824,0.009228115900597312,0.03595819962149264,251,0.8654889015367103,0.49582814131696723,0.8952794376598269,0.0,195,0.970311427169904,0.9617120218637105,0.9792453186503411,1.0,8.0,best_q095_l025,6.985247518276719,7.830182835881834,0.2748805052919085,66.08911379906196
271,0.09543074979187714,0.0763772291272288,0.9743171468040425,0.9510448777751204,0.9514497668371666,0.009185864207082518,0.03595819962149264,251,0.8699328400682982,0.4993219862320941,0.8952794376598269,0.0,195,0.9727471387476684,0.9653699545768571,0.9804407409957877,1.0,8.0,best_q090_l025,6.721880642334367,7.776245715505826,0.22059576647319903,66.08911379906196
271,0.09339895287430858,0.07481424562096209,0.9726638645685055,0.9488791362180197,0.9494405120112708,0.009147582706704632,0.03595819962149264,251,0.866983115158414,0.4803126391329338,0.8952794376598269,0.0,195,0.9705420510236126,0.9627582516978523,0.9800294557643247,1.0,8.0,best_q100_l050,7.034877986657607,7.865162899189161,0.3145698190508706,66.08911379906196
271,0.099386054692801,0.07957626728006682,0.9760029882083319,0.954275937635149,0.9546993041730133,0.009210223650061201,0.03595819962149264,251,0.8721510149876683,0.4990852559606928,0.8952794376598269,0.0,195,0.9745193009919553,0.9670752861678348,0.9822303283979676,1.0,8.0,best_q095_l050,6.450865599420474,7.762166422431327,0.20292762034824172,66.08911379906196
271,0.1026228720465321,0.08202235278779765,0.9777436978414445,0.9574283158540969,0.9578440885247702,0.009138402634898192,0.03595819962149264,251,0.8756129766647694,0.4952674276291598,0.8952794376598269,0.0,195,0.9771265643486186,0.969589242983942,0.9836232346457784,1.0,8.0,best_q090_l050,6.27234673127062,7.709086279495194,0.16673779446910209,66.08911379906196
271,0.11229644663620683,0.09016045851645761,0.9853839479682156,0.9719696832568824,0.9723393092588536,0.008061882503412839,0.010573520941331358,251,0.8830696262568771,0.5544715227354061,0.8952794376598269,0.0,259,0.9841797184264373,0.9788480401342371,0.9888505844192678,1.0,15.0,near_k000,1.7678452263136617,4.383195670169796,0.0010811260343465425,241.02361556817246
271,0.11108979626428127,0.08957075336298209,0.9839353664325201,0.9695146724697293,0.9698484713734548,0.008396118938259277,0.011437505142763104,251,0.8831697970024662,0.5833637866091084,0.8952794376598269,0.0,256,0.9822880212264059,0.9771254114758308,0.9878391226822203,1.0,15.0,near_k050,1.7679729687124932,4.593371579642847,0.0011236890294656235,241.02361556817246
271,0.10940123986608365,0.08811734183066834,0.9810544829455048,0.963227382634875,0.9635640481632446,0.009136759989510943,0.016909405085164156,251,0.8807778410168848,0.5961524099370707,0.8952794376598269,0.0,246,0.9779947592080908,0.972874852942804,0.9856881166816953,1.0,15.0,near_k075,1.7998352744904187,5.96999316562641,0.001590290855827579,241.02361556817246
271,0.09779176854504922,0.0792495497237066,0.9688794641486121,0.9390242841952802,0.9396430893645284,0.010868309872083422,0.12120464082942484,251,0.8738637829633846,0.5827604879310947,0.8952794376598269,0.0,24,0.988695652173913,0.9566951728613208,0.9762400720298894,1.0,15.0,near_k100,4.225587758535318,9.786554547067738,0.006273408239700374,241.02361556817246
271,0.01851117965911192,0.013201675546428208,0.347276998334119,0.10974216676350042,0.12492316893695776,0.0165527714541654,0.010573520941331358,251,0.6468586605957124,0.633697180960929,0.8952794376598269,0.12177121771217712,259,0.32174024306037724,0.22960754966840974,0.47181326260663375,1.0,15.0,best_q100_l000,14.354025289444076,14.907970976621673,0.4217638987068069,241.02361556817246
271,0.045459559410188734,0.035346149381425815,0.756835465858533,0.6011988826797292,0.6076501412330084,0.014488898847524528,0.010573520941331358,251,0.76106848795295,0.6455463587408676,0.8952794376598269,0.007380073800738007,259,0.735702924953783,0.6948590434376336,0.8176297267047815,1.0,15.0,best_q095_l000,13.514370008883137,14.757517843952629,0.2002578069774211,241.02361556817246
271,0.055622742775855515,0.04400800072904514,0.8437117693558255,0.7328268458180551,0.7370159603341289,0.013548965393505329,0.010573520941331358,251,0.7964151014987668,0.6550914206518862,0.8952794376598269,0.0036900369003690036,259,0.8286464532535351,0.8017242754298319,0.8824751968087539,1.0,15.0,best_q090_l000,13.041201391225428,14.659187707646439,0.14462139797912596,241.02361556817246
271,0.058583920613143624,0.04649032680461889,0.8701844838679944,0.7736530748399661,0.7780977634202979,0.012660740385069157,0.010573520941331358,251,0.7901081388730791,0.6180846412772676,0.8952794376598269,0.0,259,0.8584317996311785,0.831352904284451,0.9038140092229817,1.0,15.0,best_q100_l025,13.926406757157423,14.866129709999923,0.3122790968439436,241.02361556817246
271,0.07494277590569723,0.06003294498273497,0.927094293161718,0.8691518474130558,0.8712155543334799,0.011966720513957304,0.010573520941331358,251,0.8325683930942894,0.6271500843308075,0.8952794376598269,0.0,259,0.9198583998549384,0.9021791868434728,0.9454304373413297,1.0,15.0,best_q095_l025,12.757074735318437,14.630050255276066,0.1352239178344214,241.02361556817246
271,0.08141888453109031,0.0653568974512991,0.942403433424811,0.8967887653190498,0.898338840566639,0.011425978072097819,0.010573520941331358,251,0.8450373743122747,0.621447151435664,0.8952794376598269,0.0,259,0.9366282194979636,0.922452114689779,0.9568594692531028,1.0,15.0,best_q090_l025,12.184540859310214,14.538779399728643,0.10719780448251487,241.02361556817246
271,0.07746190258267907,0.06267871744976647,0.9448631580345386,0.9002706276001413,0.9020144672707692,0.010694297524912843,0.010573520941331358,251,0.8346992980459116,0.5956462489952087,0.8952794376598269,0.0,259,0.9392960433152242,0.9250213272775967,0.9590879562679105,1.0,15.0,best_q100_l050,13.000647598012186,14.798147365611989,0.22312778078090564,241.02361556817246
271,0.09192104028881953,0.07418467605845365,0.9659889335004852,0.935493856139735,0.9366802232452338,0.010019229475305738,0.010573520941331358,251,0.8545164105482831,0.5977947524028333,0.8952794376598269,0.0,259,0.9626174856944636,0.9527827348746888,0.9744966725243641,1.0,15.0,best_q095_l050,11.229635776894103,14.53765091879584,0.10719780448251487,241.02361556817246
271,0.09766467352706372,0.0786040672561687,0.9714046085696292,0.9460255098163647,0.9469903427865408,0.009688448205531624,0.010573520941331358,251,0.863287421741605,0.5861491325971806,0.8952794376598269,0.0,259,0.9686483215935996,0.9598692673342317,0.9787516342812905,1.0,15.0,best_q090_l050,10.694664678661036,14.47073862153528,0.09538858164580648,241.02361556817246
271,0.10596619344728875,0.08520173334004112,0.9694682424502175,0.9420275240817438,0.9421757776569822,0.01154032508714204,0.07541347815354234,251,0.8859973439575032,0.5847253955641278,0.8952794376598269,0.0,108,0.9880081073320278,0.9565988479542356,0.9778537865438602,0.5,5.0,near_k000,1.4204151565651517,3.329098887401649,0.0179771281092867,88.1556405825722
271,0.10577662013426128,0.08455213550953682,0.9660239044595156,0.9369774550749507,0.9370682140775016,0.012022415464310137,0.0830247675471077,251,0.8846366913299183,0.5888573659979948,0.8952794376598269,0.0,96,0.9891514824781596,0.9514839405530552,0.9759807647438004,0.5,5.0,near_k050,1.4116206917918963,3.285510841656821,0.017094400574300072,88.1556405825722
271,0.10248838866841473,0.08145472202696102,0.9506222117445061,0.9061885582150225,0.9063843016055679,0.014353348944401313,0.12766395128774788,251,0.8798520204894705,0.6612743853013212,0.8952794376598269,0.0,63,0.985215053763441,0.9323597286310622,0.9633206960646542,0.5,5.0,near_k075,1.3596597508568051,3.3535215325083434,0.02292128472385983,88.1556405825722
271,0.08171837186085246,0.06536555430816719,0.8958061378858306,0.8029608557596781,0.8053988125752916,0.01818918015400879,0.4192380482185469,251,0.8506294820717131,0.6407345757561581,0.8952794376598269,0.007380073800738007,0,,0.8621488132285325,0.9196783972726953,0.5,5.0,near_k100,2.5551178093493805,4.402458145641116,0.083593085860017,88.1556405825722
271,0.08564518085718985,0.06900561259858715,0.9623781819806043,0.9305162023110737,0.9307710648941966,0.010312515484906692,0.07541347815354234,251,0.8693128438626446,0.5048993124725378,0.8952794376598269,0.0,108,0.9830351039761892,0.94693012874807,0.9728757361348661,0.5,5.0,best_q100_l000,4.766201324167916,4.961735361342703,0.7656743647933075,88.1556405825722
271,0.09095025647428517,0.07288547908522787,0.9651429980604932,0.9350119098749101,0.9352103337850183,0.010498118591216254,0.07541347815354234,251,0.875773098083855,0.5253213502868598,0.8952794376598269,0.0,108,0.9858312275105544,0.9501512610770644,0.9753135906931593,0.5,5.0,best_q095_l000,4.612742565112431,4.937228266392635,0.5871045254305166,88.1556405825722
271,0.09341560907118066,0.07480644691994116,0.9659747642326023,0.9368113108085276,0.9369808479246204,0.010608193306814128,0.07541347815354234,251,0.8788040220072093,0.5321680809857751,0.8952794376598269,0.0,108,0.9865171590079114,0.9515636813610161,0.975726430361487,0.5,5.0,best_q090_l000,4.534738787802448,4.928401053618782,0.521648200062297,88.1556405825722
271,0.09174970827974283,0.07350609523825574,0.9653890006688443,0.9356281735423843,0.935815978435139,0.010519665454102722,0.07541347815354234,251,0.8770844242079302,0.5264287971966446,0.8952794376598269,0.0,108,0.9860408176903024,0.9504696443277981,0.975422483769384,0.5,5.0,best_q100_l025,4.694935542102786,4.9525174428607155,0.6636853112624038,88.1556405825722
271,0.09607065322941447,0.07679015457469388,0.9667151838479339,0.9387957353207398,0.9389502389741161,0.010704110281629249,0.07541347815354234,251,0.8803096186681844,0.5410839356305599,0.8952794376598269,0.0,108,0.9866171906846093,0.952112467435857,0.9764054971490875,0.5,5.0,best_q095_l025,4.522352189403212,4.9275548381895,0.5127931295332177,88.1556405825722
271,0.09807805353922082,0.07853799635490125,0.9678499311737109,0.9406575194440174,0.9407844963214811,0.01076489207570718,0.07541347815354234,251,0.882037564029596,0.5427741710030801,0.8952794376598269,0.0,108,0.9872840685292621,0.9533786060881863,0.9772887577931062,0.5,5.0,best_q090_l025,4.433894917338477,4.916745193250512,0.46744982868330887,88.1556405825722
271,0.09557303957668269,0.07676370559231062,0.9656853493992478,0.9374311252816792,0.9376063080528695,0.01080200969094878,0.07541347815354234,251,0.8793610320622273,0.5248766146499848,0.8952794376598269,0.0,108,0.985388230085178,0.9511042205344367,0.9755905420975397,0.5,5.0,best_q100_l050,4.567061750151836,4.9390159458428755,0.5379344101811062,88.1556405825722
271,0.0994983132047582,0.07987139826106893,0.9672038728530042,0.9399229952938826,0.9400919523301119,0.010987615694748931,0.07541347815354234,251,0.8829929804591159,0.5389877340828625,0.8952794376598269,0.0,108,0.9864028370916852,0.9529824562144833,0.9766315313753154,0.5,5.0,best_q095_l050,4.347973220823695,4.9089407044454765,0.43060561562764205,88.1556405825722
271,0.1016371485204326,0.08154803559525335,0.9682921932159305,0.941377438632783,0.9415345727740844,0.011073229693044773,0.07541347815354234,251,0.8856209447922595,0.548356337857087,0.8952794376598269,0.0,108,0.9870601881099859,0.9544675643737357,0.9776648025113354,0.5,5.0,best_q090_l050,4.28403150582486,4.90521346233991,0.4098696213233658,88.1556405825722
271,0.10832807216386549,0.08720529144537154,0.9773789145619043,0.9568931505027481,0.9570547577057634,0.00999167628980705,0.04904138895745906,251,0.8862037564029597,0.5489679486217993,0.8952794376598269,0.0,165,0.9828192694018394,0.9685962751263073,0.9830512562642572,0.5,6.5,near_k000,1.4630753517537214,3.6107272912267097,0.007311586051743532,164.3647659014235
271,0.1076138071747732,0.08656622880357231,0.9748875352047786,0.9515376288197642,0.9516896943995563,0.010573845577738784,0.05496585205299103,251,0.8867774615822425,0.5541390731649699,0.8952794376598269,0.0,151,0.9868333684807047,0.9648917970187069,0.9813153140976854,0.5,6.5,near_k050,1.452219768961298,3.5946061855902913,0.007966913365259034,164.3647659014235
271,0.10596619344728875,0.0842184956944682,0.964619941043962,0.9321959516940532,0.932506098482611,0.012313363286385498,0.08347733070023862,251,0.8832214001138303,0.5816370343427386,0.8952794376598269,0.0,95,0.9882593374197459,0.951197170593906,0.9740252110403447,0.5,6.5,near_k075,1.4204151565651517,3.964476999110201,0.012748574763208691,164.3647659014235
271,0.08940568906508797,0.07102827814600016,0.9271940809844684,0.8554075258055608,0.857465935864287,0.016079515717102918,0.3090183493787542,251,0.8577370517928287,0.5847326905146636,0.8952794376598269,0.007380073800738007,1,,0.9016655066339416,0.9444115304214435,0.5,6.5,near_k100,2.942609364288777,5.506812843040809,0.04888359630842513,164.3647659014235
271,0.07868700676875572,0.06352972563873518,0.9630124828237062,0.9306981984712955,0.9310879495551293,0.009346384685739123,0.04904138895745906,251,0.8566230316827926,0.45751874899653877,0.8952794376598269,0.0,165,0.968515017196032,0.9508211865309284,0.9717597522509108,0.5,6.5,best_q100_l000,6.244822316161114,6.460163628387719,0.7312883966427274,164.3647659014235
271,0.08709066163681048,0.06954711820375518,0.9675388102278548,0.9396933682079464,0.9399763542120981,0.009476900998817029,0.04904138895745906,251,0.8664617719597799,0.49112272405357177,0.8952794376598269,0.0,165,0.9736909418666366,0.9564423527987074,0.9751369791314517,0.5,6.5,best_q095_l000,5.984018308325421,6.417810993027627,0.4903954313403132,164.3647659014235
271,0.09019302580384796,0.07222614098995252,0.9692647476455152,0.9431011803577218,0.9433691679584114,0.009527344391068062,0.04904138895745906,251,0.8702758489850123,0.5067197398484636,0.8952794376598269,0.0,165,0.9754287168334639,0.9582643475021055,0.9764531892386303,0.5,6.5,best_q090_l000,5.825642514845197,6.4047335601531,0.41797179198754003,164.3647659014235
271,0.08879096042324908,0.07054942417531605,0.9684381065277468,0.9417285132381851,0.942017310944016,0.00941564342842381,0.04904138895745906,251,0.8691322329728703,0.49750554578128026,0.8952794376598269,0.0,165,0.97534723776123,0.9567693898592923,0.9765698041457381,0.5,6.5,best_q100_l025,6.143785328697367,6.446223394389192,0.6047417149779355,164.3647659014235
271,0.09517901393179233,0.07548895900421218,0.9722713457007687,0.9476988942882271,0.9479338126911694,0.009526350574833696,0.04904138895745906,251,0.875624359704041,0.511032435753522,0.8952794376598269,0.0,165,0.9779478894602407,0.9618898305949346,0.9789670738447572,0.5,6.5,best_q095_l025,5.811510586058207,6.406970313913836,0.4214328978108506,164.3647659014235
271,0.09765909601841768,0.07775221814495889,0.9740217024949932,0.9511093886028166,0.9513071300649288,0.009478383794193022,0.04904138895745906,251,0.8784663251754884,0.5115678570566892,0.8952794376598269,0.0,165,0.979140689648847,0.964191008746121,0.9801488904350474,0.5,6.5,best_q090_l025,5.676332806214585,6.387750278383256,0.3744483862594099,164.3647659014235
271,0.09508260660599774,0.075308605853307,0.9710000307505027,0.9462494198917826,0.9465471944631652,0.009610174076106264,0.04904138895745906,251,0.8764803642572566,0.512893320170514,0.8952794376598269,0.0,165,0.977472372251793,0.9600643844866089,0.9779974577957768,0.5,6.5,best_q100_l050,5.896459898119731,6.422934591892432,0.458077355715151,164.3647659014235
271,0.09934061581522491,0.07986897095991978,0.9747449381045945,0.9518922770463579,0.9521162168780885,0.00963717669356653,0.04904138895745906,251,0.8797693037374312,0.5140643617479411,0.8952794376598269,0.0,165,0.9801104241806817,0.9653352847629881,0.9810963884813518,0.5,6.5,best_q095_l050,5.506750147908279,6.380383346224228,0.33369386518992816,164.3647659014235
271,0.10205148126176594,0.08201097245106101,0.9758637073197801,0.9542041725032265,0.9544059910384344,0.009637658213773555,0.04904138895745906,251,0.8817051792828685,0.507472305010715,0.8952794376598269,0.0,165,0.9809198720130395,0.966691569645499,0.9818747249010553,0.5,6.5,best_q090_l050,5.385099863747557,6.3714411288741974,0.3099852903002509,164.3647659014235
271,0.10969449748087602,0.08835153429850143,0.9811973815194737,0.9630476357012667,0.9633028559313708,0.009252484707959037,0.034682794371760056,251,0.8817605767406564,0.5380978860829431,0.8952794376598269,0.0,199,0.9807914353494694,0.9742250139255824,0.9855185958600823,0.5,8.0,near_k000,1.485653489882486,3.796124666296449,0.0034948642543579252,262.22903809758907
271,0.10932656854916696,0.08772903103806913,0.9788911070661808,0.9595534852190994,0.9597537734781233,0.00966818987710008,0.039126141693409035,251,0.8821066211345095,0.5525595546630574,0.8952794376598269,0.0,188,0.9777594166590978,0.9710180705571215,0.983789336959269,0.5,8.0,near_k050,1.4775282521833548,3.8121337774042137,0.00415328623421109,262.22903809758907
271,0.10733156150576634,0.08585681277727045,0.9723871116341104,0.9459223125158075,0.9462273445740419,0.011024428897756337,0.05776351518143668,251,0.8814168089546576,0.5573879635972822,0.8952794376598269,0.0,139,0.9844910233830525,0.9625610166899413,0.97955349442732,0.5,8.0,near_k075,1.4629349969473258,4.403955207482131,0.0071609466422146535,262.22903809758907
271,0.09272168937428796,0.07470724898517324,0.9438824638127657,0.8899790547422062,0.8910584567179821,0.014372310791118777,0.23611453961984696,251,0.8615602352494782,0.5667652263560227,0.8952794376598269,0.0036900369003690036,3,,0.9238494549408071,0.9568770833802653,0.5,8.0,near_k100,3.215620461948208,6.440715315210837,0.02563688264124522,262.22903809758907
271,0.07035389499798514,0.05620641111590171,0.9519345271294974,0.9086049625690744,0.9097968484538548,0.009358491314062255,0.034682794371760056,251,0.8284651868715613,0.43743759978864316,0.8952794376598269,0.0,199,0.9477100818988387,0.9351594144304765,0.9630676408832984,0.5,8.0,best_q100_l000,7.741543137159416,7.96095154074553,0.7231811788773814,262.22903809758907
271,0.08195332732121594,0.06525541525224429,0.9629434453269998,0.929499147725037,0.9302192697818698,0.00948602590077594,0.034682794371760056,251,0.8513435780686777,0.48930381167875137,0.8952794376598269,0.0,199,0.9591331191567689,0.9504230260517094,0.9713603712446295,0.5,8.0,best_q095_l000,7.333981862658239,7.9001968517681025,0.41891488726931764,262.22903809758907
271,0.0861326338945046,0.06876005808348044,0.9664354161756912,0.9363150437740264,0.9368861327967202,0.009492068513078407,0.034682794371760056,251,0.8571337507114399,0.5017570382669136,0.8952794376598269,0.0,199,0.9628684668063994,0.9543631988687423,0.9741982818351221,0.5,8.0,best_q090_l000,7.103024045074041,7.875686705009221,0.3464177641392831,262.22903809758907
271,0.08353106463756882,0.06660794616775083,0.9667124705838712,0.9366535795595862,0.9374962662051711,0.009083834404336246,0.034682794371760056,251,0.853628533485107,0.46826031152527303,0.8952794376598269,0.0,199,0.9621108901836145,0.9548920489153045,0.9748710621035913,0.5,8.0,best_q100_l025,7.622976911423783,7.94500836652051,0.5821506201253037,262.22903809758907
271,0.09223942300084528,0.07347505636645797,0.971878525359247,0.9464292455094072,0.9469666718056197,0.009224663645393693,0.034682794371760056,251,0.864298235628913,0.49608364550529077,0.8952794376598269,0.0,199,0.9691407444129334,0.9620163782202565,0.9786551064237426,0.5,8.0,best_q095_l025,7.079424328940878,7.877491172975485,0.3430081404764949,262.22903809758907
271,0.09496401824572105,0.076273206617805,0.9741145564206944,0.9509364033075441,0.9513743558233242,0.009170705536827957,0.034682794371760056,251,0.8701035856573704,0.5040527949556671,0.8952794376598269,0.0,199,0.9715337728806849,0.9650248928930149,0.9803567519652592,0.5,8.0,best_q090_l025,6.829074835861739,7.859068947590715,0.294932446831181,262.22903809758907
271,0.09079412712032837,0.07319684386817817,0.9710199280202957,0.9460936664938631,0.946755361044328,0.009179592386815998,0.034682794371760056,251,0.8647793587554543,0.4888649631026957,0.8952794376598269,0.0,199,0.9678935981736153,0.9603122753352294,0.9786675102366109,0.5,8.0,best_q100_l050,7.23705425866077,7.917875467920815,0.4199377743681541,262.22903809758907
271,0.09938911936447513,0.07933769529954149,0.9759894218880183,0.9539162530925083,0.954386517826029,0.009205074513696575,0.034682794371760056,251,0.8712525137545057,0.5048079592854244,0.8952794376598269,0.0,199,0.9737867067769868,0.9671780985941487,0.9819904270123899,0.5,8.0,best_q095_l050,6.543796863136874,7.846682946810976,0.265694923922772,262.22903809758907
271,0.10235856728062266,0.08189937551923596,0.9778070073362408,0.9572804312109422,0.9577224822838597,0.009132425344878065,0.034682794371760056,251,0.8755378486055776,0.5020304087129093,0.8952794376598269,0.0,199,0.9760000487291832,0.9695902275802635,0.9832635511540981,0.5,8.0,best_q090_l050,6.375110523943879,7.821072013110701,0.24481097898819418,262.22903809758907
271,0.1060120280935334,0.08522703704640298,0.96941819780195,0.9427629548945653,0.9428971259752156,0.011468065959422206,0.07360322554101868,251,0.8857954847277556,0.5828383720029815,0.8952794376598269,0.0,111,0.9883094689157443,0.9563401564762415,0.9780254651431165,0.25,5.0,near_k000,1.3465348441091303,3.2592617825729,0.016609672691744015,348.62593598288487
271,0.10557815233641717,0.08469590047292398,0.9669135535982956,0.9385463637113773,0.9386558352229113,0.011865838667294527,0.07973339916070106,251,0.8850168848415859,0.5853305010416774,0.8952794376598269,0.0,101,0.9893098116227492,0.9524505141605816,0.9765704033192135,0.25,5.0,near_k050,1.338696379915926,3.2176974030406877,0.015602646638054364,348.62593598288487
271,0.10256430308995639,0.08196224090253648,0.9524696430974182,0.9116094800294262,0.9117891610951344,0.013972069076350032,0.11898296716860035,251,0.8813386454183266,0.6496581289653683,0.8952794376598269,0.0,69,0.9880526123492877,0.9347589347713121,0.9650979897999344,0.25,5.0,near_k075,1.288201916220784,3.2543586169703023,0.01975343233398711,348.62593598288487
271,0.08297411444131998,0.067027656830648,0.9038440319346793,0.8151797460296292,0.8179952446281051,0.017743113593381002,0.38998601168435776,251,0.8503487004363498,0.6373605244156053,0.8952794376598269,0.007380073800738007,1,,0.8706713194680639,0.9261766694693919,0.25,5.0,near_k100,2.4257024240413387,4.34635160937239,0.07466109125244487,348.62593598288487
271,0.0843507489029377,0.06801307784850802,0.9620914804113129,0.9295762983131716,0.929831839898856,0.010247180697923934,0.07360322554101868,251,0.8667319294251564,0.5005343763417021,0.8952794376598269,0.0,111,0.9823468373725754,0.9463539701856559,0.9721783416323386,0.25,5.0,best_q100_l000,4.858028134799137,4.9786355697482945,0.809432872940445,348.62593598288487
271,0.09083859940464346,0.07276473843770474,0.9650118569641294,0.9350503426921114,0.9352552120412129,0.010469755507182415,0.07360322554101868,251,0.8756395370897363,0.525070405302735,0.8952794376598269,0.0,111,0.9859226612928718,0.9500792159025596,0.9751075617933374,0.25,5.0,best_q095_l000,4.725753468485211,4.964748871977193,0.6234400675045522,348.62593598288487
271,0.09350124038185446,0.07477321619000606,0.9663621580459985,0.9373505589306618,0.9375269585452579,0.010553532463415465,0.07360322554101868,251,0.8772217795484728,0.5308028095561781,0.8952794376598269,0.0,111,0.9868879143756512,0.951915859395507,0.9758150210743162,0.25,5.0,best_q090_l000,4.6554173482943515,4.960942201343439,0.572456366301017,348.62593598288487
271,0.09081880560293656,0.07268321135309866,0.964650691370006,0.9348828736587558,0.9350785282175162,0.010466260445091606,0.07360322554101868,251,0.8751637260481883,0.5251220513420813,0.8952794376598269,0.0,111,0.9856462479100758,0.9490272439476245,0.9748295474767115,0.25,5.0,best_q100_l025,4.815076945283432,4.972834066709882,0.7195008216014567,348.62593598288487
271,0.09585496847196705,0.07669520458896309,0.9670241944772967,0.9392691500087621,0.9394334944684121,0.010646461170929145,0.07360322554101868,251,0.8799552267121987,0.5340493058924387,0.8952794376598269,0.0,111,0.9871643277584471,0.9525575550331931,0.9765389216622175,0.25,5.0,best_q095_l025,4.627420149597395,4.958734759875172,0.5574454856330773,348.62593598288487
271,0.09807337901013037,0.07851023493867618,0.9681085956810213,0.9412953851070079,0.9414238243040133,0.010698506459744381,0.07360322554101868,251,0.8813477518497439,0.5392972219785322,0.8952794376598269,0.0,111,0.9879804053647968,0.9534795365756227,0.9773031411144792,0.25,5.0,best_q090_l025,4.545471568957398,4.955686831295199,0.5185859572767243,348.62593598288487
271,0.09457285811426913,0.07597813348061136,0.9654257804705833,0.9366655637327308,0.9368443302347187,0.010762369846095207,0.07360322554101868,251,0.8778751660026559,0.5297753916574608,0.8952794376598269,0.0,111,0.9849968958362061,0.9509472440899017,0.9751867326352311,0.25,5.0,best_q100_l050,4.687380390079304,4.965036288524052,0.5883998756495092,348.62593598288487
271,0.09929461109896934,0.07979440898162679,0.9672328143363395,0.9405251281505486,0.9406908733328646,0.01092279236059883,0.07360322554101868,251,0.8814433693796243,0.5380540241800951,0.8952794376598269,0.0,111,0.9869054644317017,0.9529358698688571,0.9765870131871526,0.25,5.0,best_q095_l050,4.442549317610326,4.9513690704501805,0.4779055824488164,348.62593598288487
271,0.10127652070719732,0.08154598329880493,0.9684245402074332,0.9419549742885854,0.942105435104599,0.011016278882690167,0.07360322554101868,251,0.8840432555492317,0.5446722915795518,0.8952794376598269,0.0,111,0.9878268423743547,0.9544989847591269,0.9777442685267729,0.25,5.0,best_q090_l050,4.387723402608687,4.950093482768523,0.46062974641382065,348.62593598288487
271,0.10808868191441773,0.08717666308576982,0.9775860270520235,0.9570967251946335,0.9572577498811469,0.009961001829676068,0.04834197317534765,251,0.8867448302029975,0.5449438841448334,0.8952794376598269,0.0,166,0.9830334615128687,0.9688864020483239,0.9832259124303733,0.25,6.5,near_k000,1.3812723678188883,3.5336676149575763,0.0067874281267563015,652.0579692257056
271,0.10808868191441773,0.08663072807900211,0.9755429392128121,0.95289419678122,0.9530416698924496,0.010427023313477326,0.05332016785978771,251,0.8868556251185733,0.5536746764396087,0.8952794376598269,0.0,153,0.9864701634952853,0.965667284843634,0.9816247791201735,0.25,6.5,near_k050,1.375332355318335,3.513689435620702,0.006996957844415471,652.0579692257056
271,0.1065502149053082,0.08456612918751982,0.966333216562663,0.9360898019457172,0.9363186940653632,0.011979991952011292,0.07808771496749774,251,0.8845562511857332,0.5623301065962528,0.8952794376598269,0.0,105,0.9884796508421411,0.9531610446859468,0.9757153442660731,0.25,6.5,near_k075,1.3467277582533064,3.8293619936264993,0.01155837200999643,652.0579692257056
271,0.09120524323947225,0.07230907500002551,0.9318747629664061,0.8637979097561844,0.8660131966098036,0.01572774924475729,0.2873776022381305,251,0.8582174160500853,0.5821190209552869,0.8952794376598269,0.007380073800738007,1,,0.9082175763293717,0.9480695416523058,0.25,6.5,near_k100,2.788468906407249,5.39714239235913,0.04162577218405404,652.0579692257056
271,0.07786994739924585,0.062377647320905394,0.9614607972536281,0.9279528928609967,0.9283650951467669,0.009363727206822606,0.04834197317534765,251,0.8529334092202617,0.4539058302319105,0.8952794376598269,0.0,166,0.9673465131352155,0.9485628182960806,0.9709155972238422,0.25,6.5,best_q100_l000,6.344215639493981,6.4764494452130155,0.7720375253988154,652.0579692257056
271,0.08667291112003703,0.0694405679254741,0.9675587074976479,0.939833277648024,0.9401329137638473,0.009441482831579267,0.04834197317534765,251,0.8653758300132801,0.4855745208638522,0.8952794376598269,0.0,166,0.9734722802498272,0.9559734778365909,0.9754357132566479,0.25,6.5,best_q095_l000,6.0711886001754225,6.457369085974565,0.5311054429121093,652.0579692257056
271,0.0903083633841416,0.07218407527911996,0.9694649262385854,0.9431863531650294,0.9434562259898356,0.009508222543678765,0.04834197317534765,251,0.8708616960728515,0.5042706308439658,0.8952794376598269,0.0,166,0.9758110902638213,0.9584243090476533,0.9765192479709842,0.25,6.5,best_q090_l000,5.913508548078714,6.45027413542246,0.46867839695646535,652.0579692257056
271,0.0873283680262489,0.06966459894729085,0.9671143351389352,0.9399158079278231,0.9402653830435885,0.009428297129323497,0.04834197317534765,251,0.8682656042496679,0.49521159454200336,0.8952794376598269,0.0,166,0.9742278352515436,0.9539338044493609,0.9754288979759371,0.25,6.5,best_q100_l025,6.276446681084768,6.469083412053055,0.6567809433228136,652.0579692257056
271,0.09514644406309317,0.07540818369037175,0.9722209995787165,0.9476688305049269,0.9479230637103513,0.00951091528558397,0.04834197317534765,251,0.87551432365775,0.505096133971346,0.8952794376598269,0.0,166,0.9778914899734088,0.9616474636863716,0.9792680052458638,0.25,6.5,best_q095_l025,5.88760200272573,6.45017775820946,0.4614586485668583,652.0579692257056
271,0.09769186674352619,0.07773554694975757,0.974165806964101,0.9515413444214414,0.9517380295132305,0.009427896917850398,0.04834197317534765,251,0.8789170935306393,0.5067940870510939,0.8952794376598269,0.0,166,0.9796806861927513,0.9642194390888524,0.9803611105570279,0.25,6.5,best_q090_l025,5.766918460815965,6.444732728461282,0.42445203406683674,652.0579692257056
271,0.09375698669926448,0.0744991357218075,0.9699349238690015,0.9446417392182848,0.9449830486476892,0.009639199058178049,0.04834197317534765,251,0.8758178713716561,0.5130271119463022,0.8952794376598269,0.0,166,0.976410549700947,0.958800616509413,0.9777889704315744,0.25,6.5,best_q100_l050,6.0300085680950755,6.456958204061723,0.5115213350049717,652.0579692257056
271,0.09909116289253067,0.0797947627514821,0.97482090949835,0.9517288378994159,0.9519619594930038,0.009638037626627667,0.04834197317534765,251,0.8797685448681465,0.509006732751688,0.8952794376598269,0.0,166,0.9802434172617382,0.9652031445590712,0.9809157802134562,0.25,6.5,best_q095_l050,5.556827091371479,6.436099970012896,0.3821278803337512,652.0579692257056
271,0.10187830354281915,0.08198495311948671,0.976005098524825,0.9543589406197684,0.9545660253008853,0.009611775374228236,0.04834197317534765,251,0.8815344336937962,0.5034120503063656,0.8952794376598269,0.0,166,0.9812101603802541,0.9666230323055541,0.9821160890123346,0.25,6.5,best_q090_l050,5.457223780247605,6.434626312265538,0.362759932558039,652.0579692257056
271,0.11001798191023279,0.08829951035125856,0.9812438084823242,0.9630297152946795,0.9632876626353679,0.009245308997948268,0.034271373323459225,251,0.8811056725479035,0.5385744344092406,0.8952794376598269,0.0,201,0.9806003183842861,0.9743336904552016,0.985439647012224,0.25,8.0,near_k000,1.4020175759953928,3.7090550456919065,0.0032377625356792912,1041.9777832633918
271,0.10930645637000444,0.08779227986521661,0.9791271610396355,0.9598309870498549,0.9600538381354826,0.009622418575484933,0.037645025919526044,251,0.8823008916714096,0.5595231090076839,0.8952794376598269,0.0,193,0.9794627934497937,0.971216440533495,0.9841398628535477,0.25,8.0,near_k050,1.397899977573505,3.724611893727983,0.004275148561412509,1041.9777832633918
271,0.10832001894029018,0.08607784436345851,0.9732559590817431,0.9482060061640378,0.9484602099830901,0.01082394058145302,0.054472146795030034,251,0.8816042496679944,0.5559328356161403,0.8952794376598269,0.0,149,0.9848730136708328,0.9634543412724677,0.979988851981637,0.25,8.0,near_k075,1.37983528280009,4.229686125528151,0.006613871725698372,1041.9777832633918
271,0.09335249078031592,0.07574699961682026,0.9476650553899506,0.8967303186710396,0.8978251839070558,0.01401178284639129,0.21912285032502263,251,0.8648651109846328,0.570529389169809,0.8952794376598269,0.0036900369003690036,4,,0.9294495966054653,0.959207955727402,0.25,8.0,near_k100,3.024822885601022,6.330019489806466,0.023656480505795573,1041.9777832633918
271,0.06865474360248411,0.05487045618002633,0.9492818592975336,0.9036902223068627,0.9050178986171752,0.009377996114905916,0.034271373323459225,251,0.8211572756592675,0.4362231337205891,0.8952794376598269,0.0,201,0.9439200649334136,0.932320811686516,0.9609776849726037,0.25,8.0,best_q100_l000,7.845126412238365,7.977995728151263,0.7621948621820815,1041.9777832633918
271,0.0816402403896154,0.06518333608348191,0.9627776347453905,0.9288829773548661,0.9296497737225318,0.0095070600361395,0.034271373323459225,251,0.850976285334851,0.4934057485004866,0.8952794376598269,0.0,201,0.9588920040925102,0.9499123411200081,0.9712126145267049,0.25,8.0,best_q095_l000,7.392667019722992,7.9463548136565105,0.45831380735312915,1041.9777832633918
271,0.08657532281436862,0.06873068379263073,0.9665225420994825,0.93635696805173,0.9369455320366069,0.009475002895353824,0.034271373323459225,251,0.8567952950104344,0.5016331001235881,0.8952794376598269,0.0,201,0.962700195102034,0.9544399447246285,0.9743625331182287,0.25,8.0,best_q090_l000,7.17888059297548,7.9364716823319865,0.39360115877817065,1041.9777832633918
271,0.0823178418899999,0.06562150770200402,0.9647450526646308,0.9335170763517759,0.9344367918013213,0.00916899459425165,0.034271373323459225,251,0.8506143046860177,0.47145951396258406,0.8952794376598269,0.0,201,0.9592961718228573,0.9522822897901085,0.9730673905753056,0.25,8.0,best_q100_l025,7.758227141737988,7.969465118210482,0.624632556554339,1041.9777832633918
271,0.09178756049095245,0.07342814540091303,0.9719370112734875,0.9463431804927376,0.9468878002148329,0.009221103159756135,0.034271373323459225,251,0.8641639157655093,0.4954451530821768,0.8952794376598269,0.0,201,0.9686976895576619,0.9620792035432926,0.9788210988303878,0.25,8.0,best_q095_l025,7.132343653372292,7.937031185172193,0.3852511396072083,1041.9777832633918
271,0.09489904221669594,0.07625457528881795,0.9742273076161888,0.9509037422534381,0.9513545358747688,0.009163620909967026,0.034271373323459225,251,0.8685463858850313,0.5021082456449996,0.8952794376598269,0.0,201,0.9713458379042147,0.9650650319126254,0.980504536382607,0.25,8.0,best_q090_l025,6.8972581069436565,7.926297549822468,0.3403910876325992,1041.9777832633918
271,0.08944502489011112,0.07233774361506566,0.9693458440936114,0.9432845933298948,0.9440184364423163,0.009294959984883668,0.034271373323459225,251,0.8633246063365584,0.49620602845113854,0.8952794376598269,0.0,201,0.9654835586124875,0.9581146341338584,0.9774224268941635,0.25,8.0,best_q100_l050,7.371456164015357,7.95312076695287,0.4637668810974311,1041.9777832633918
271,0.0991778194915208,0.07930045556087138,0.9757943683492889,0.9534639997416217,0.9539504037470158,0.009240115819524448,0.034271373323459225,251,0.8718231834566497,0.5045555644405866,0.8952794376598269,0.0,201,0.9735196248561006,0.9667972144354333,0.9819455802676182,0.25,8.0,best_q095_l050,6.609342234095621,7.918693023833138,0.30895070932560814,1041.9777832633918
271,0.10228374345678186,0.0818887425726825,0.9777684186917935,0.9569744461964903,0.9574377901428469,0.009154892823260017,0.034271373323459225,251,0.8737378106621133,0.5002163774312098,0.8952794376598269,0.0,201,0.9758101549549606,0.9694392308083538,0.9834581459087048,0.25,8.0,best_q090_l050,6.429419251689845,7.912490833582605,0.29084480040898053,1041.9777832633918
271,0.1059342496581739,0.08529340802159102,0.9697856943455531,0.9433907698291488,0.9435342826996865,0.011404626750618868,0.07241010450094627,251,0.8847930184025801,0.5815023188455333,0.8952794376598269,0.0,113,0.9884327559089584,0.9567908703285251,0.9782378389540088,0.1,5.0,near_k000,1.3130839879517642,3.227675749333205,0.016898784706821608,2161.3863655064592
271,0.10557575942709542,0.08483729144922876,0.967507758428026,0.9397562101478403,0.939864009572158,0.011750297814879225,0.07763515181436682,251,0.8843665338645418,0.5795595752726149,0.8952794376598269,0.0,103,0.9898601619446055,0.9530018884366291,0.9769877795750889,0.1,5.0,near_k050,1.3059768504073896,3.1935761991838905,0.01632543824434631,2161.3863655064592
271,0.10346316746347275,0.0823421720156841,0.9552784743498797,0.9174900754222063,0.9176472220489285,0.01354672183640032,0.11379906196000987,251,0.8816801365964712,0.6298569598417427,0.8952794376598269,0.0,71,0.9878940308517772,0.9386684663472741,0.9672469812821876,0.1,5.0,near_k075,1.2611381718589563,3.201719581514029,0.019962859795728878,2161.3863655064592
271,0.0842522429627156,0.06791637124407979,0.9075301519007463,0.8212170618186752,0.8243213972764698,0.017507771201889177,0.37443429605858636,251,0.850432176057674,0.6288672900796943,0.8952794376598269,0.007380073800738007,1,,0.876343155662031,0.9295593446506959,0.1,5.0,near_k100,2.3455810334541796,4.310183480040918,0.07116080236764222,2161.3863655064592
271,0.08364225732672577,0.06746414810667073,0.9619521995227609,0.9290997584606472,0.9293382842926099,0.01020688827017447,0.07241010450094627,251,0.8641214190855624,0.5010590749781318,0.8952794376598269,0.0,113,0.981508628130715,0.9461233228783485,0.9719737098464246,0.1,5.0,best_q100_l000,4.9317658882431985,4.990724307562952,0.8226292912268252,2161.3863655064592
271,0.09047562202243722,0.07278424775165915,0.9653039850615465,0.9353969750869082,0.9355995820001752,0.010440949567404344,0.07241010450094627,251,0.8727930184025802,0.524800729034817,0.8952794376598269,0.0,113,0.9859625265394228,0.9501582200859457,0.9753033865126303,0.1,5.0,best_q095_l000,4.812018537102894,4.986855583521949,0.6342588485762441,2161.3863655064592
271,0.09359011856867025,0.07483222684440363,0.9667809051330081,0.9378015617828335,0.9379719879550448,0.010520467284997677,0.07241010450094627,251,0.8758899639537089,0.5291417067410545,0.8952794376598269,0.0,113,0.9871352616946569,0.9527506098402114,0.9762128018579206,0.1,5.0,best_q090_l000,4.741624210589862,4.985866984552402,0.5898163754102723,2161.3863655064592
271,0.08955524854926247,0.07224334460825199,0.9646473751583736,0.9346784550435588,0.9348852338282022,0.010415464678028381,0.07241010450094627,251,0.8735587175109087,0.5237961729615772,0.8952794376598269,0.0,113,0.9852721930792498,0.9495200526788475,0.9750915251914543,0.1,5.0,best_q100_l025,4.906641271511517,4.988838556688238,0.7382684289896212,2161.3863655064592
271,0.09571357412496719,0.07672284312916933,0.9674501769351401,0.9396143597410279,0.9397753206301181,0.010615205039126439,0.07241010450094627,251,0.8782462530829064,0.5345543933196021,0.8952794376598269,0.0,113,0.9870978339769367,0.9534046471193102,0.9768330564108921,0.1,5.0,best_q095_l025,4.714589086925509,4.984539083594673,0.5766433070167657,2161.3863655064592
271,0.09806609976923594,0.07856148981415491,0.9684679524324363,0.9416777939752301,0.9418113403508453,0.010665887700678306,0.07241010450094627,251,0.880721684689812,0.5395772210483425,0.8952794376598269,0.0,113,0.9880543200964539,0.9543620251707959,0.9777024359441295,0.1,5.0,best_q090_l025,4.641064908216624,4.9847297482108015,0.5449303645879535,2161.3863655064592
271,0.0941418334715244,0.07559061109135654,0.965454420480134,0.9362716156743107,0.9364504618529541,0.010742390270958208,0.07241010450094627,251,0.8763088597988996,0.5317807468670527,0.8952794376598269,0.0,113,0.9850725785847417,0.9508471185574487,0.9755421258355205,0.1,5.0,best_q100_l050,4.788957938741649,4.985582154564707,0.6133238711966646,2161.3863655064592
271,0.09950756252627443,0.07982916461646618,0.967669348376649,0.9408417310216942,0.9410073395773895,0.010894560460904593,0.07241010450094627,251,0.8802086890533105,0.5379027512091765,0.8952794376598269,0.0,113,0.9867693017880591,0.953456361857631,0.9768454775897889,0.1,5.0,best_q095_l050,4.511589494566852,4.982557480712078,0.504612791626009,2161.3863655064592
271,0.101464498865897,0.08160056975410224,0.968437805053962,0.942188631051503,0.9423410329427337,0.010998882741116234,0.07241010450094627,251,0.883170555871751,0.5452829265819792,0.8952794376598269,0.0,113,0.9873681452715829,0.9547105771392717,0.9774845753481215,0.1,5.0,best_q090_l050,4.4636237510238015,4.981872711244577,0.4895768650758449,2161.3863655064592
271,0.10816499819829234,0.08721079828524594,0.9777542494239105,0.9575131655738381,0.957648724828617,0.009921625689327659,0.0477248416028964,251,0.8864169986719787,0.5396147271041266,0.8952794376598269,0.0,167,0.9833209763556661,0.9690516947136512,0.9832668216762094,0.1,6.5,near_k000,1.3486336031428316,3.5029042882052552,0.0067830294651343645,4051.4352423269975
271,0.10815667710155484,0.08671353716528554,0.9762306009158137,0.9541538083003509,0.9542662101435903,0.010302429644260794,0.05229161523903563,251,0.8869778030734206,0.5533131441248551,0.8952794376598269,0.0,156,0.987167876544794,0.9671467606122526,0.9820095294355587,0.1,6.5,near_k050,1.3429207297528771,3.4823543398383277,0.0063815932276969824,4051.4352423269975
271,0.10661332261039486,0.08477921556781946,0.9673769188054474,0.9384131523972917,0.9386329783680805,0.011762802030010807,0.07516662552456184,251,0.8833595143236577,0.5633330915350305,0.8952794376598269,0.0,110,0.9887586248895235,0.9540493329113592,0.9766023436632509,0.1,6.5,near_k075,1.3133534521978416,3.751495018329726,0.011032519240179723,4051.4352423269975
271,0.09169676945988653,0.0730783807956923,0.9345042173169447,0.8680735010136911,0.8703996922254307,0.015565488318929704,0.27450012342631447,251,0.8585209637639917,0.5756067468008699,0.8952794376598269,0.007380073800738007,1,,0.9121020925604876,0.9498546144113704,0.1,6.5,near_k100,2.685583045296772,5.359064529002032,0.040319836679142566,4051.4352423269975
271,0.07699022666639051,0.06170171732027074,0.9602380195827057,0.9251642315571493,0.9257192412185671,0.009453529952356442,0.0477248416028964,251,0.8502416998671978,0.4521390652257012,0.8952794376598269,0.0,167,0.9665665869439454,0.9463918102877932,0.9698156271687597,0.1,6.5,best_q100_l000,6.424276254764544,6.489779967294721,0.7861401538062732,4051.4352423269975
271,0.08655101959115451,0.06945199867094104,0.9678836962376021,0.9398649842258808,0.9401833838522113,0.009451225066584313,0.0477248416028964,251,0.8652437867577308,0.4805755745711494,0.8952794376598269,0.0,167,0.9741315061769806,0.9560536144796503,0.9758189708467877,0.1,6.5,best_q095_l000,6.133836014933145,6.4837410382810505,0.5531409314784412,4051.4352423269975
271,0.09032246715868146,0.07221707928200223,0.9694531687609803,0.9431342832295072,0.9434075225471286,0.009526742179994734,0.0477248416028964,251,0.8703282109656612,0.5026654328795053,0.8952794376598269,0.0,167,0.9762456125225888,0.9583611162312795,0.9770168316323072,0.1,6.5,best_q090_l000,5.97828974088288,6.480994394388716,0.49369221463751833,4051.4352423269975
271,0.08645921974550691,0.06916315202979721,0.9667591990205066,0.938560977203165,0.9389142670720528,0.009484083117549136,0.0477248416028964,251,0.8666469360652629,0.4953067242755812,0.8952794376598269,0.0,167,0.9738635390106879,0.9538190111818122,0.9754362923252686,0.1,6.5,best_q100_l025,6.367916131632056,6.486785197607402,0.6758835219908408,4051.4352423269975
271,0.09517622741159917,0.07543436899952806,0.9722785810716025,0.9477766692857703,0.9480335084979233,0.009512513689913923,0.0477248416028964,251,0.8757548852210207,0.503066447884888,0.8952794376598269,0.0,167,0.9783468358313558,0.9618712942107523,0.9795529698616955,0.1,6.5,best_q095_l025,5.944981975498661,6.481265361906903,0.4819407240991964,4051.4352423269975
271,0.09760533507639126,0.07776981969613303,0.9742818743712275,0.9515447107921601,0.9517406738542361,0.009440109599432976,0.0477248416028964,251,0.8785088218554353,0.5017781305633984,0.8952794376598269,0.0,167,0.9799031066817488,0.9643704395556016,0.9805283371360839,0.1,6.5,best_q090_l025,5.835379157819401,6.479915261427305,0.45316685388404043,4051.4352423269975
271,0.09300038833036493,0.07407426439975531,0.9693328807208674,0.9437014138248548,0.9440613075761539,0.009676858366988,0.0477248416028964,251,0.8753602731929425,0.511248413772796,0.8952794376598269,0.0,167,0.9761915037678566,0.9577159370403019,0.9773889319637556,0.1,6.5,best_q100_l050,6.121069794769751,6.481561521165173,0.534649615484317,4051.4352423269975
271,0.09917093842325753,0.07980747607206276,0.9747910635936602,0.951781248957793,0.9520123535829953,0.009644011231587727,0.0477248416028964,251,0.8800212483399733,0.5073695395066059,0.8952794376598269,0.0,167,0.9805768895085331,0.9650681666651204,0.9811337109111747,0.1,6.5,best_q095_l050,5.596750911420296,6.476256053303153,0.4066793398427374,4051.4352423269975
271,0.1018755733266101,0.08201697703023088,0.9761588501550447,0.954453083064449,0.9546543807357881,0.009616472843317755,0.0477248416028964,251,0.8808150256118382,0.498719279701179,0.8952794376598269,0.0,167,0.9814993149463487,0.9666629454264922,0.9821491375143931,0.1,6.5,best_q090_l050,5.49475063379614,6.475404566320487,0.3878855957832887,4051.4352423269975
271,0.11004294338791698,0.08829907678968593,0.9814412738113316,0.9631852336470308,0.9634521683126472,0.009216956339475555,0.03410680490413889,251,0.8811178144564599,0.5362762192955928,0.8952794376598269,0.0,201,0.9807887329569341,0.9746188346573339,0.9856010265374873,0.1,8.0,near_k000,1.3658033775401204,3.6727750662529624,0.003066831366869702,6481.820455854521
271,0.1093040634606827,0.08783806942986146,0.979511841588969,0.9603867725001549,0.9606166254894751,0.00955262661248578,0.0372747469760553,251,0.8819685069246822,0.5545355718258573,0.8952794376598269,0.0,194,0.9801206133645278,0.9722090627861226,0.98407348980415,0.1,8.0,near_k050,1.3620895981326178,3.6752347596024078,0.0036324786324786326,6481.820455854521
271,0.1081840093290453,0.08622931697643188,0.974171534966011,0.9502552132305571,0.9504895840281272,0.01061522584370113,0.05290874681148688,251,0.8815184974388162,0.5546889511018854,0.8952794376598269,0.0,154,0.9840721950976342,0.9647053969637306,0.9805950075942758,0.1,8.0,near_k075,1.3477644604096684,4.112417294080931,0.005907906168549088,6481.820455854521
271,0.09368060353049676,0.07632893084365534,0.9502354208786793,0.9005855201969253,0.9018793287966121,0.013758842176331046,0.21031843989138485,251,0.8662773667235818,0.5604672598225094,0.8952794376598269,0.0,4,,0.9332235091706803,0.9609785988512553,0.1,8.0,near_k100,2.9135479472857724,6.239857475725771,0.023340627279358133,6481.820455854521
271,0.06755174458779457,0.05400112090222687,0.9479502495903187,0.9008645610396002,0.9022504088551959,0.009374690195180023,0.03410680490413889,251,0.8170085372794536,0.43349938195933285,0.8952794376598269,0.0,201,0.9419169594179267,0.9307034805078627,0.9603121494470884,0.1,8.0,best_q100_l000,7.924394068507702,7.9906194778412365,0.7743323252545045,6481.820455854521
271,0.08171490780126527,0.06517102155713297,0.9628530031915765,0.9289609448023589,0.9297444604514603,0.00949187901681573,0.03410680490413889,251,0.850244735344337,0.4912827411132815,0.8952794376598269,0.0,201,0.9587102394459553,0.9501612922401169,0.9713813926717326,0.1,8.0,best_q095_l000,7.437909333811485,7.979953364394627,0.4803424628359671,6481.820455854521
271,0.08645928060055785,0.06873105736423937,0.9665575130585127,0.9364688677421336,0.9370637892875073,0.00946298043596747,0.03410680490413889,251,0.8568309618668183,0.4982774535116231,0.8952794376598269,0.0,201,0.9628294992205181,0.954629784841922,0.9743969782509018,0.1,8.0,best_q090_l000,7.21924643660957,7.975708266794321,0.414661157728841,6481.820455854521
271,0.08153108047493292,0.06500550168342897,0.9640181993696126,0.9319200683915522,0.932874155939194,0.009184747527350002,0.03410680490413889,251,0.8483134130146082,0.4732495148366166,0.8952794376598269,0.0,201,0.9583060717156082,0.9511829078255734,0.9728709835961615,0.1,8.0,best_q100_l025,7.84162416341156,7.9871175671464885,0.641095540316054,6481.820455854521
271,0.09158986702742018,0.07342533152339296,0.9719412319064739,0.946459894019948,0.9470116507856159,0.009205830922861103,0.03410680490413889,251,0.8644173781066211,0.4921485321957539,0.8952794376598269,0.0,201,0.9685972017855828,0.9622292086860588,0.9789476177190336,0.1,8.0,best_q095_l025,7.157404501724082,7.975832324677445,0.4080163564339566,6481.820455854521
271,0.09489025341018431,0.07626426941905573,0.9744078904132505,0.9509874468659064,0.9514476303836797,0.009151172114185077,0.03410680490413889,251,0.8686040599506736,0.4985277771191018,0.8952794376598269,0.0,201,0.9714817919487923,0.965234967128113,0.9805255502124569,0.1,8.0,best_q090_l025,6.9412923318140125,7.9724120412933965,0.36533628657835326,6481.820455854521
271,0.0890383912696282,0.07183626837280395,0.9689867888159812,0.9422281993454595,0.9429850199942063,0.009316168492003611,0.03410680490413889,251,0.8626044393853158,0.496972962923019,0.8952794376598269,0.0,201,0.9648266936905886,0.9574881578341873,0.9775926183419698,0.1,8.0,best_q100_l050,7.453114172129662,7.980072294762469,0.4883503002939047,6481.820455854521
271,0.09918291430578324,0.07930552751093077,0.9759025974380121,0.9535623482558762,0.9540593424493878,0.009225913142937886,0.03410680490413889,251,0.8717260481881995,0.5022167743497317,0.8952794376598269,0.0,201,0.9733644599139197,0.9669861935304446,0.9819262094892719,0.1,8.0,best_q095_l050,6.634720680812425,7.970667041531026,0.33045107978021043,6481.820455854521
271,0.10225954245532398,0.08190011117484956,0.9779583471761825,0.9571173983367263,0.9575890810431739,0.009136058397302459,0.03410680490413889,251,0.8738258394991462,0.4974308551270126,0.8952794376598269,0.0,201,0.9758663098864164,0.969804151283698,0.9835755011234827,0.1,8.0,best_q090_l050,6.4729818546323745,7.9677619343422235,0.314605784384717,6481.820455854521
