shooter_x,shooter_y
88.09088,47.0842
88.78731,2.47096
5.70334,47.91047
82.96382,2.60712
4.28168,47.72109
89.80769,2.32499
87.60817,1.41206
6.53236,2.37439
7.61965,2.75169
7.61965,2.75169
10.90084,47.40949
85.64449,47.58111
4.28038,2.04113
7.47775,47.14274
87.50431,1.65126
85.9611,2.49312
4.07737,47.47135
88.01213,2.15865
85.04978,47.93512
87.37823,2.48143
88.86312,47.88912
10.46649,2.11659
90.70229,47.57452
5.36583,47.07282
6.40569,47.9832
9.60112,2.93427
84.82975,47.95599
10.90206,2.58143
5.35104,47.83195
85.61742,2.94142
7.905,1.6108
8.84282,48.06482
90.68209,1.39025
7.93287,47.82785
7.06847,2.09196
6.2,2.08351
85.37738,47.99781
5.94005,1.52538
87.54845,47.90915
6.70393,47.11648
11.3346,47.67982
84.28048,48.16699
87.56199,47.61838
6.52854,2.46667
88.90083,2.19016
88.27749,2.87777
6.89873,2.75298
87.74177,47.79876
88.13913,2.36574
3.64151,1.88704
5.97997,2.22389
4.06693,47.63582
85.41498,48.08089
8.14053,2.78715
6.02007,2.33193
5.85212,47.62122
6.81383,2.39237
5.01847,47.71614
2.88911,48.40944
83.67016,47.62193
83.59331,47.52662
4.17697,47.84233
7.15586,47.83073
86.1259,2.2503
86.72747,2.27735
84.55783,2.86158
87.01929,48.58039
5.25947,47.73329
4.02487,2.1663
6.42943,48.06815
6.48715,2.35117
89.69738,1.78376
8.71838,47.72157
89.42475,2.16113
85.60153,47.92943
86.02662,2.37362
88.67825,2.11519
8.5567,47.83907
88.43246,47.54315
6.21515,2.15847
84.04079,2.02535
5.46979,47.55017
90.03164,1.86832
11.09139,2.15797
85.36715,47.79232
88.42826,2.63289
85.58662,2.0541
4.28718,48.41362
86.96741,48.04397
9.30597,1.8159
83.00429,2.70695
7.57602,48.14751
89.53404,2.69977
89.61185,2.56393
84.90594,47.67189
82.59992,47.25614
7.21681,48.60265
5.5542,1.94684
85.626,47.79266
7.14842,47.85317
4.6434,2.27563
6.86107,2.59356
86.72357,48.16605
4.00279,47.17135
6.36679,2.5922
86.16923,2.13605
6.17267,1.57346
10.72762,2.84745
87.21025,2.09184
89.71503,1.63956
85.58595,2.56405
86.9724,48.03639
86.1216,2.76035
89.70091,1.80908
89.03545,1.41977
5.39005,1.80687
7.51404,47.57925
9.50194,2.8869
89.56043,47.85482
3.58044,48.24792
86.46846,47.73917
87.9539,2.84989
3.77559,47.69394
88.85571,2.10156
83.2106,2.78522
81.86963,2.43385
5.90977,1.99492
6.09493,2.21769
83.04678,1.95342
83.33656,47.76016
4.13513,47.58818
85.46376,47.86437
3.95242,2.19032
3.85446,47.72746
6.49441,47.49879
86.84604,2.39
4.23414,47.95964
87.50969,47.67461
86.44657,47.24551
87.7441,1.52881
79.96615,47.0176
5.07079,1.72066
8.17244,2.3603
87.71778,48.38795
4.59397,47.89377
87.77063,47.68422
5.04735,47.56037
88.96491,48.22921
7.54182,1.66468
3.4997,48.28123
7.96841,47.64805
87.56457,2.14179
89.18673,1.7143
7.39499,47.81996
86.6911,2.23984
87.57221,2.05311
89.41747,47.56276
6.13762,47.33365
87.46717,2.72355
89.26478,48.33942
87.79371,47.53744
6.83735,2.41789
3.48368,2.7161
5.43429,2.7865
7.223,47.43429
88.25601,47.40585
89.14809,2.79896
85.74327,48.34437
7.99252,1.97108
4.41429,2.229
83.10998,2.65838
6.96885,47.22391
5.28807,48.03233
4.81008,47.79799
88.71042,2.69859
5.7348,48.37533
10.28919,48.05315
6.47847,1.65613
82.40695,2.64231
9.2846,1.96155
7.00191,1.97688
8.13306,2.36092
89.62651,47.62172
9.60492,47.85914
87.78731,47.76342
5.60787,2.97493
5.60787,2.97493
90.4976,2.32842
89.40736,2.96959
6.64137,1.9501
5.28964,47.70591
87.83044,48.30878
11.19743,2.03767
7.61064,2.10736
7.45243,1.88061
4.30487,47.71759
90.88882,2.75307
86.93307,1.90631
88.74113,47.87261
84.40448,2.10249
6.76837,47.12252
7.75391,2.79978
87.82298,1.98601
4.19831,1.33018
7.33895,2.80634
86.73505,47.91379
89.73999,2.0116
2.81963,47.0043
86.17884,2.73404
6.65923,2.70842
90.4341,2.6393
8.44857,1.92297
5.69092,47.91643
9.57879,47.0665
90.14322,1.38432
7.35065,47.8138
8.7528,2.75788
11.78176,2.44876
85.42611,47.26383
90.0195,2.12889
83.56795,47.76032
4.34254,2.23703
6.54306,2.52371
6.20773,47.81513
5.30611,47.63564
11.4035,2.10304
87.57584,47.95023
5.95481,48.10546
4.70169,1.8355
11.11475,2.4826
85.46735,2.95904
14.04245,47.0398
85.45855,1.82515
89.554,1.71684
85.3278,47.93566
5.5175,47.07332
84.76541,48.06008
3.37818,48.04842
89.30501,2.43659
87.1903,2.70239
9.45942,47.82174
9.14785,2.84456
12.12417,2.7799
89.11454,47.47407
8.57299,1.98836
6.46259,47.75912
7.18931,2.49196
6.02198,47.46575
4.11519,2.16724
89.73232,2.28229
85.45067,47.18397
4.61956,47.23695
84.34023,48.2761
87.79803,2.18842
7.07859,2.86169
88.34817,47.0768
7.87754,2.36914
7.74233,1.98424
83.63879,2.43642
5.89292,47.26441
9.58637,2.4363
6.61516,1.94049
82.23059,2.18495
6.47477,1.67652
4.25609,48.20537
8.69179,47.9875
83.61999,47.55908
8.2287,48.05266
85.72533,47.70921
87.15421,47.562
11.48451,47.76768
81.36613,47.19474
89.09443,2.56759
85.05466,2.07329
10.15829,2.88345
9.2877,2.86997
4.99225,2.34958
88.56828,48.38438
91.2172,1.95338
0.62271,1.89749
88.75595,48.07275
7.49578,47.92023
1.99868,2.84653
88.87915,2.94735
4.73911,47.2802
6.36231,1.95039
86.81184,2.24833
7.97965,2.09713
6.83675,2.34755
83.65643,1.99824
89.06445,47.97897
84.79227,47.42196
86.86,2.8346
88.62745,1.42531
87.76181,48.1004
5.18223,47.54206
5.18223,47.54206
84.56066,47.44617
81.69815,2.78543
9.41426,2.41612
7.53596,2.30822
6.1386,2.39059
11.68674,47.04413
3.0007,47.73343
6.64134,2.33778
4.75372,1.84696
86.97608,48.00961
6.59703,1.66992
89.63581,48.26334
88.27699,48.149
8.94232,2.29203
85.1616,47.6565
11.89661,47.72122
7.15035,47.30829
84.15494,47.01875
10.48682,1.90743
89.25476,2.94402
87.53373,47.62266
6.03282,2.79562
87.73055,2.29977
7.24722,2.26216
6.0794,47.66448
5.18932,47.95364
4.73439,2.28716
8.84392,47.91575
6.23128,47.81187
6.75485,2.78175
87.14231,48.16342
85.84379,48.25327
90.09809,48.68292
86.82429,48.61962
86.25233,48.55559
5.10753,47.80605
86.61461,47.81131
87.69022,47.723
88.97042,2.37351
8.06942,1.95701
86.19352,2.72475
6.18683,1.8984
87.84322,48.32302
7.28763,1.9134
88.26783,1.44618
86.59468,2.40347
88.16398,1.86337
89.49844,2.95464
3.65021,48.64637
88.02282,2.09733
6.42989,48.15397
87.91175,47.94208
88.30695,47.72801
7.52314,2.63022
8.9859,1.72276
7.13821,48.17619
10.3294,2.41525
88.92152,1.6671
10.50808,47.27012
9.65133,48.0874
86.68161,47.99464
4.42435,2.98408
6.2827,2.9306
88.17735,1.89885
87.60411,47.90301
87.60411,47.90301
4.83886,47.3842
8.69642,47.53565
6.30331,47.31168
7.24453,2.58273
5.10882,2.76478
88.95545,2.09835
5.33284,2.53321
87.7858,2.14769
4.14705,47.738
89.15729,48.54074
8.10396,2.30196
86.14788,47.8276
4.364,47.73726
87.57943,1.58402
90.69643,47.72865
5.42141,47.55018
5.434,1.41427
88.94577,47.42868
4.85588,1.51197
87.79833,1.65239
88.00535,2.56695
88.26281,2.30378
3.77615,47.10789
8.86494,47.42889
86.40691,47.47447
6.35373,2.16274
81.95334,47.09648
4.4429,48.35013
86.99071,48.04191
7.24055,2.31832
88.99685,47.23115
89.52474,1.98788
7.04202,47.43836
85.6838,47.41067
6.07644,48.21154
88.58752,48.21223
6.30681,47.40384
7.10314,48.40061
88.64385,1.66875
88.35915,2.45158
89.97162,2.80627
89.56005,47.92569
88.02791,48.47161
7.40549,2.51038
88.25819,47.55679
6.00868,2.15522
6.55283,47.88153
90.05389,2.87142
88.23657,48.03459
5.79945,48.20581
4.71449,2.03044
89.31517,2.68411
6.40089,48.01197
89.75924,2.39569
5.24492,48.11903
85.50111,2.10444
4.93079,47.9057
6.38473,2.46995
88.96728,2.27331
3.22453,47.72438
89.47654,1.89983
87.88251,48.27865
8.01863,47.64296
10.62689,2.87705
90.07117,1.56216
87.55931,2.9244
88.83858,2.3363
9.23303,47.20212
88.38248,2.55106
91.09474,1.9967
86.96903,48.00204
4.73006,47.83414
86.56201,47.16393
83.9623,48.0217
4.06827,2.94618
10.5983,2.47887
6.40701,48.18385
85.85756,2.31964
10.21828,47.91712
5.97234,2.61906
4.60159,47.58476
9.29078,47.65435
86.76505,1.98498
7.36278,47.22271
7.40326,2.75077
84.86426,2.55678
87.62562,47.09808
88.42692,2.77419
11.17596,47.60818
88.24075,2.36698
10.01486,2.62647
8.587,47.671
84.64414,48.0678
88.23689,2.30596
6.96715,2.12342
82.84533,2.4556
86.35909,2.71603
6.55289,2.72251
87.88245,47.41429
5.32202,48.3473
89.78511,48.37314
88.08276,1.9252
5.66033,47.04264
11.92211,47.19008
7.41663,47.91419
5.26287,47.44762
86.15179,1.99035
89.03546,2.37488
8.90457,2.30862
84.32009,2.47449
7.46882,47.48185
81.75183,47.61382
4.97608,48.61204
84.97685,47.18942
90.20506,47.59636
5.7225,2.8457
8.27473,2.35084
88.1609,2.87491
85.09684,2.4349
89.62837,48.01588
84.89854,2.07141
5.07015,47.3905
89.12576,2.85433
7.67627,2.33267
90.3166,2.15994
83.53864,47.73287
85.45263,2.32701
4.37239,2.22376
82.22885,2.41113
12.66261,2.58305
80.96724,47.10511
87.40232,47.82508
9.28821,47.40087
87.22984,48.48602
85.27256,2.57392
86.55356,47.45488
6.64352,47.88915
10.71323,2.34684
5.6212,2.51118
8.08448,2.92913
3.19484,2.48398
5.68746,48.16022
3.38706,2.30421
4.01308,1.49749
5.1169,47.98236
11.72895,47.7288
87.60299,47.77926
88.38698,2.70217
88.99259,47.51427
88.99259,47.51427
89.6287,2.69878
13.47377,2.92669
81.95556,47.67768
88.1043,47.80235
5.4638,47.03146
89.87664,2.78012
4.81249,47.62663
88.57035,1.87829
89.90075,47.8238
89.4098,47.32561
89.61683,47.19601
5.41466,2.77076
4.78508,47.89353
11.44961,47.26666
5.64164,1.4472
83.10545,47.47187
87.73018,1.88481
6.47385,47.96659
90.55452,2.92245
86.88181,1.93118
9.16695,2.43675
83.23037,1.93335
89.19825,48.16631
87.44603,2.31063
88.57802,48.11096
87.4649,2.23386
90.31151,47.12329
84.66083,47.01314
91.75043,48.39134
84.35669,47.94367
8.49088,48.15967
5.72041,47.65529
9.05078,48.23422
88.44361,2.41042
5.68025,47.99834
6.54292,47.18771
7.28224,47.98912
6.31824,48.5011
5.08821,2.41201
3.84987,47.99535
88.34269,48.24372
88.31352,1.98126
10.26118,2.51205
86.35817,2.4275
5.71765,2.15558
81.96371,47.54583
85.14196,47.78192
87.54423,48.10019
85.24932,47.14632
6.05716,48.24536
83.10414,2.1308
7.63825,47.01508
90.79518,2.56377
7.6647,47.69962
86.78148,1.70539
4.28142,48.00121
6.25246,47.92974
88.20474,2.65742
88.57834,47.93187
85.56307,47.49297
3.55469,1.87152
90.20152,2.83178
87.35536,48.1115
89.0503,1.80909
89.25471,2.55982
5.54995,2.9316
4.15171,48.71844
88.35318,1.63757
89.02406,2.3481
90.25619,1.78161
6.59824,2.66117
5.06073,48.07416
3.9659,2.42609
88.12813,1.89541
4.85046,47.80618
5.0719,47.91877
5.35449,47.28583
8.84536,2.96334
8.84536,2.96334
90.37782,1.94967
7.72637,47.27446
89.00822,48.41867
88.66301,47.86027
83.74731,47.73214
88.84243,2.74095
85.58604,2.24099
87.09043,2.60013
84.30319,47.43535
85.03814,2.69007
7.62239,47.7512
87.892,48.33273
4.42954,48.16853
4.43046,47.64056
6.36548,1.91143
85.95577,47.56873
5.89623,47.9606
6.25242,47.52789
6.93764,47.81807
87.87277,2.40215
4.26106,2.28014
88.3192,1.90358
85.94738,2.02156
5.08997,47.36467
5.93963,1.85614
7.42999,47.67902
5.38269,47.81861
5.60455,47.94343
88.88698,2.64757
9.03873,48.08337
86.70487,2.02764
83.53931,47.66681
83.89813,47.36161
86.37544,47.55242
3.72889,47.77681
89.24905,48.44416
5.30373,47.89368
83.7945,47.19107
83.06916,2.12676
6.45825,2.76866
5.1016,2.5651
8.43488,47.92223
5.0327,2.49652
8.52723,2.62426
89.68472,47.43449
6.47397,2.32274
4.64917,47.46895
84.27185,47.95077
8.3511,48.3561
6.18532,48.45898
81.80847,2.32485
5.94035,1.82137
9.46356,1.80766
5.4988,1.70577
89.05468,47.86409
88.42521,1.79354
5.62155,47.21028
5.43383,1.62787
9.01264,2.03528
85.36755,47.93397
85.34322,47.55612
85.65251,47.69589
85.56836,48.30527
7.79118,48.19148
8.31223,2.11783
83.98775,47.71728
7.91028,47.8823
86.19082,2.31797
7.00436,2.49657
87.99914,48.42084
87.15355,47.94631
88.88655,47.49807
87.03159,2.90728
86.90288,2.343
81.49949,2.61616
87.96058,48.09765
81.36543,47.26655
83.04042,2.28464
83.11609,48.0079
5.00133,1.55775
8.57193,1.7608
4.9043,47.52485
89.27492,2.57399
83.83233,1.90402
9.54683,1.86959
83.11705,1.99372
4.36794,47.5995
8.81442,48.2316
5.05948,48.26213
7.53216,48.34228
86.97055,47.31719
88.65386,47.18717
89.5859,47.0709
10.59701,48.03727
88.25482,47.05369
5.46761,47.04757
6.94227,2.99046
7.85798,2.31468
8.50781,47.51758
8.17701,47.82335
6.90042,48.43645
81.69266,2.49776
7.4703,2.1033
5.74084,1.66589
83.34812,47.49612
6.94408,48.20033
80.89276,2.98179
7.81148,2.26291
11.10681,2.94345
86.17368,47.97226
83.24726,47.82594
87.79405,2.16388
81.20363,2.50347
4.83174,47.51304
9.96911,48.0018
86.98064,2.28537
82.75248,2.8023
5.78907,2.21773
11.16859,47.69859
11.01401,47.64896
90.65482,48.26173
89.318,47.76283
84.96521,47.78712
8.295,47.18839
88.44822,47.66043
90.14362,2.76496
88.50893,47.96023
5.8083,47.57752
88.93681,47.17668
7.70114,47.66519
83.49195,47.82518
85.11407,2.48986
89.162,2.04589
12.02513,2.40435
8.61612,2.01229
6.15902,2.74089
83.826,2.51688
5.91385,2.27711
8.73054,47.4259
82.66856,47.57348
89.99524,2.33222
83.92131,2.71087
82.48907,2.81388
87.73475,48.06087
89.00885,2.25707
7.03374,48.02102
89.65225,47.98758
87.57993,2.60663
5.14067,48.17259
10.37565,2.25184
86.3047,2.48192
5.03044,2.11664
10.51204,2.79767
89.40579,47.71031
11.58692,47.83093
82.63187,2.15619
84.92202,47.8369
8.54357,2.09795
89.50958,2.56451
82.78981,2.46277
87.31571,47.54318
7.19068,1.92615
9.90624,1.99819
6.72775,2.02497
86.2121,2.60806
7.07313,1.6821
12.68193,47.34687
7.51623,47.84658
11.10129,47.71659
5.4849,47.88596
88.30199,48.34342
6.74536,47.9289
88.49627,48.2948
87.95624,47.90783
84.35121,47.71939
6.31325,47.51214
8.29326,47.11871
4.66178,47.57812
89.89398,1.82683
89.18555,2.33017
6.00342,1.76486
85.42776,47.40826
90.04114,48.36556
87.42602,1.7421
8.00419,2.61672
85.42221,1.83305
6.14266,47.97422
6.77169,47.79431
6.59924,2.09241
9.34448,2.22641
87.64799,47.78341
87.53357,2.69979
5.94035,47.93469
83.05319,2.88995
90.40232,1.81611
6.68778,47.83503
7.54213,47.08115
84.11114,47.66354
87.86631,47.32267
10.69302,47.34538
88.95466,2.27326
86.41751,2.47122
5.71475,47.48299
87.26788,1.85051
5.09006,47.13078
3.52856,1.42458
89.52319,1.85786
90.1489,1.86895
5.15773,47.31081
82.26081,2.2115
10.31671,47.98855
82.37641,47.18082
4.12948,47.32749
88.42682,1.54871
88.00766,2.51988
87.11469,1.88111
5.11332,2.49399
12.23158,2.74226
11.61174,2.13646
88.44151,2.2966
85.28904,2.07046
89.32092,2.33909
87.66701,2.45955
7.93868,47.60902
89.16048,1.87679
87.11401,2.12096
4.537,47.8228
5.59858,47.52532
88.37871,2.62437
9.59443,47.58576
3.80655,47.51948
85.27618,47.70645
84.27328,48.06861
4.91804,1.92483
84.91629,2.16893
5.838,2.14781
87.89674,47.63563
9.27844,48.12745
81.84979,2.55877
86.06516,2.5328
87.40821,2.49078
9.8354,48.11686
8.15216,2.52681
87.02968,2.5987
5.66916,47.03336
5.61911,47.78872
88.09445,47.24223
85.4324,47.43766
87.53999,47.28802
88.75266,47.00652
5.56895,2.04193
84.80699,48.17474
9.69029,2.92687
91.32491,2.86488
82.69456,47.42309
8.9169,2.26122
82.92358,2.48269
11.11163,47.39846
86.63343,1.53829
4.62037,47.53403
6.43872,2.55618
5.8111,2.40707
5.76269,1.87984
5.54244,48.14751
6.26715,2.29944
8.34355,2.2895
4.61384,48.04184
6.17686,2.26401
4.68433,47.72159
6.00404,47.6065
80.434,2.97307
86.9173,47.80342
91.25621,47.83004
6.06625,47.1753
87.2197,2.32742
89.8624,2.60729
88.68504,1.81378
87.39174,48.3547
88.6355,47.63477
87.65869,2.27275
7.147,1.60561
86.87004,47.20906
84.596,1.7248
6.28287,47.19565
2.60325,2.50384
81.99298,47.28867
81.95349,47.43209
89.17226,47.51049
89.02601,2.25491
89.19493,1.89133
87.33821,48.46379
89.34459,2.4669
87.78014,2.44417
90.21823,2.28171
83.89413,47.65419
85.18155,47.6669
85.26467,47.95085
81.15014,47.22095
86.36219,47.64003
87.47633,48.15085
84.12228,1.89681
82.97686,47.13823
8.13391,2.21634
83.73744,1.93366
89.9501,2.62572
5.34041,2.44689
6.43988,2.09749
87.14947,2.14566
7.71311,47.44287
88.83789,1.56651
5.55067,2.38687
6.27995,48.24067
90.01429,47.75902
86.10327,2.50024
86.7956,2.30387
88.01954,2.22911
11.72679,2.48784
83.56955,47.36218
6.01064,48.01072
3.96633,2.39959
10.27024,47.77653
87.70717,47.45719
7.52516,2.00163
7.00551,2.65253
89.83497,47.6245
87.79086,2.15424
10.17,48.0918
4.92082,1.90301
82.62038,47.60139
5.58394,2.29059
81.06492,47.43941
7.49717,48.18179
86.94219,2.07192
88.02916,1.87726
4.14512,47.49528
9.46331,47.43725
6.62374,2.02904
89.6811,2.6211
13.1096,2.84811
5.08695,47.90395
87.32154,48.03844
4.98534,47.7215
9.69569,47.69274
10.10832,2.51508
89.36583,47.57894
89.64943,2.60911
87.29354,2.17085
89.86325,2.51487
88.94775,47.65486
7.97416,47.9094
8.77184,47.9707
8.13836,1.8568
81.46984,2.4189
6.18509,2.97571
87.60637,1.86476
7.06182,2.37009
82.88416,2.39955
7.3152,2.73638
5.4858,47.46236
83.55313,47.88602
89.71444,1.73895
87.45344,1.92473
11.38436,2.38303
84.40094,47.68074
86.38366,48.27141
88.13352,2.3858
88.65935,47.66195
7.93598,47.93266
84.86479,47.89281
91.37623,2.45994
87.76585,2.20786
5.8448,47.95907
88.00138,48.18829
88.67119,1.43156
88.17533,2.22683
11.93138,2.39873
86.95571,2.99869
3.75331,48.24704
89.10027,2.7467
4.98313,47.69262
89.45292,47.44329
88.92558,1.44495
5.10181,47.8247
6.67218,47.56356
11.17184,2.06173
84.38313,1.89812
87.93488,47.74441
5.14318,47.63566
3.86458,47.77525
6.48212,47.88216
6.96062,48.05422
6.40133,47.59248
5.92909,47.9654
10.93404,47.98718
7.34734,1.98867
87.51766,47.61575
7.40642,1.94269
6.38025,47.47008
9.68183,2.10133
87.35913,1.84143
82.80001,2.38151
4.53968,2.98792
88.61831,1.68522
88.14478,2.17613
5.37058,47.11316
85.51986,47.68068
90.3082,2.33571
9.55543,1.93692
85.40663,47.40145
84.62634,47.87113
86.70677,47.58891
87.13893,47.80256
84.86359,47.89235
2.99218,47.67653
86.82371,1.70464
3.65561,48.43982
3.75949,2.08044
5.67723,1.92771
5.26955,1.97982
6.24906,48.02577
4.30584,47.45615
5.50463,2.2224
87.29227,47.40892
87.35389,47.89953
5.14841,48.26948
86.69362,47.61342
82.28213,2.71216
8.64098,47.82798
89.18046,1.75642
7.409,47.04979
5.79353,47.60516
89.23422,2.01384
84.03461,48.21066
84.58803,47.80569
88.41123,2.71528
7.77076,2.15408
6.92966,2.16691
7.9,2.02117
7.61464,47.80874
91.57692,2.85168
84.99767,47.40547
5.53004,47.60475
87.17837,1.40169
88.7415,47.95491
4.92572,2.46347
84.77451,2.32116
6.25271,47.63487
88.68559,1.65231
6.68362,48.13889
87.94265,2.81882
85.69274,2.46007
8.92444,2.27432
84.82863,48.36768
5.30306,47.33069
87.45829,2.05068
8.65546,2.31638
87.65332,47.39571
4.24732,47.35887
87.68137,47.53744
12.57298,47.2364
7.48963,2.22672
3.58769,47.79207
84.05352,47.98626
86.91372,2.40609
87.45841,47.88961
4.42581,2.21914
4.80782,1.98787
7.51624,2.53583
88.72001,47.38696
6.20518,47.24551
4.45083,47.90626
5.00655,2.96959
7.26873,1.99835
5.04723,2.64816
84.66783,2.04927
85.14836,2.37278
87.17449,47.84361
5.88835,1.89048
88.24955,47.90163
3.91544,47.5025
88.93319,1.75067
84.75602,47.65265
4.35014,48.06625
5.87352,47.85907
81.39242,2.65743
7.29297,48.12233
6.68332,47.46296
82.00505,47.41755
80.68813,2.74807
8.06502,1.93972
88.55749,47.86963
5.12975,47.45353
91.46412,1.49379
90.42771,48.01733
87.60457,2.88994
87.78766,48.14488
87.83863,47.76461
6.05731,2.78174
11.09407,2.3407
7.48073,47.53917
89.38025,48.35566
86.51964,48.3894
87.48643,2.4689
8.23317,2.69713
6.36459,2.45991
6.90965,47.87197
83.77849,2.53092
84.64747,1.71419
87.18046,47.76466
5.07062,1.8875
7.46518,1.56289
89.09842,2.45561
8.20313,2.17928
6.73926,47.63224
91.02111,48.24649
86.95353,47.04579
6.13796,1.63832
88.36631,48.54813
87.93028,1.99808
86.91656,2.37324
82.16991,2.87469
7.62639,47.21022
84.06937,2.28578
91.37029,47.17068
86.98707,48.2145
8.53773,2.60685
87.17693,1.947
88.95956,2.95587
5.38563,48.09968
89.67845,47.22991
3.8966,2.12299
11.5978,2.76393
5.41439,47.73689
4.21842,47.84742
87.37488,2.53139
11.48499,2.42131
88.35163,48.65878
7.71246,48.10365
6.33599,48.21541
6.48598,47.77743
87.40132,47.44789
5.68335,48.43421
88.35048,47.26191
5.51066,48.06623
5.24451,47.67822
87.92056,2.39693
7.55289,2.15183
10.14095,2.48953
89.01555,2.10515
7.52239,1.84233
87.35907,47.87938
5.1383,1.73891
89.10093,47.51038
87.98521,2.56821
80.85252,47.07384
89.90546,2.51683
6.64047,47.89637
83.5671,47.77405
9.76533,48.08758
86.32525,1.79688
90.19697,48.17554
88.975,47.72837
9.7779,1.99429
89.42539,1.7974
6.72927,47.54853
6.72927,47.54853
4.43656,1.35549
87.99755,1.96243
9.50932,2.52759
6.13052,47.87142
5.34236,47.90026
88.55823,47.9545
87.87482,47.54931
7.2849,47.24694
82.43806,2.88182
5.12388,47.92351
13.2932,2.98088
5.59283,47.8651
88.0325,2.00456
89.21635,47.8378
87.55934,2.24305
10.55692,48.01041
8.38276,1.97458
89.75542,48.64182
6.84132,2.19973
5.4723,47.90291
90.19133,47.84504
88.20852,47.94686
84.91622,47.83384
89.83115,2.11277
87.6993,2.39163
5.3578,48.45396
9.67829,2.13138
88.87742,2.92782
83.56717,2.78309
5.67351,2.57626
11.30909,2.09025
88.03918,2.94488
9.88244,2.6554
86.67808,2.29806
84.26619,47.88266
5.076,47.85222
85.85586,47.23653
6.39686,47.66522
87.00632,2.4058
3.95834,47.99584
8.61049,2.5211
5.7949,48.07419
85.91239,47.274
5.91556,2.7592
88.58646,2.54637
9.71022,47.30813
88.62385,47.56059
5.83577,1.78031
85.74892,47.55132
4.57241,1.75156
7.80603,1.96365
4.6147,47.9442
12.37852,47.3573
4.64555,2.22399
6.04967,48.34284
89.57469,47.4745
11.38959,47.69921
89.87759,2.48873
6.20167,47.83546
8.35761,2.3842
5.70052,47.35378
6.19821,47.64404
83.53162,2.07602
10.13514,2.59521
86.19555,2.57286
12.47568,47.42939
4.55692,2.98289
8.66208,2.45509
88.28008,47.10701
88.8715,2.48596
89.00324,2.51102
88.32931,47.92228
88.39333,1.38959
88.93801,1.68789
86.9082,47.8422
3.22881,1.6005
7.67681,1.49648
7.31291,2.2473
7.9071,2.39822
84.84771,47.52458
4.54586,48.23945
89.23502,48.11815
86.31019,48.10701
6.45934,2.05136
86.78414,48.07734
7.12684,2.79866
12.16563,2.38179
85.76524,47.05051
3.32101,48.47611
85.7236,2.59948
6.25991,1.76383
83.93437,47.98655
82.12666,47.2701
3.07399,48.1218
87.66194,48.35916
88.98756,48.2055
86.2347,1.8087
4.44093,48.25751
88.39977,2.27493
6.75909,2.36917
5.0629,48.08633
8.37371,2.47206
3.02686,47.94921
88.13287,47.98634
88.10328,1.60985
4.28228,1.98515
13.34767,2.71132
7.79596,1.75473
8.35863,2.36992
3.82856,47.68897
5.31425,48.17941
87.56462,47.62323
6.34433,2.64498
4.2739,47.59134
9.54152,47.60352
88.3829,2.92898
88.43719,2.05874
83.16477,47.35755
9.61111,1.7113
90.81986,2.4147
5.2754,2.11202
85.79951,48.32165
5.22619,47.78934
6.47014,1.56528
4.62125,47.92242
83.9592,47.61436
90.02703,2.72089
87.31259,2.31095
6.5834,47.45687
3.52186,1.94637
7.3574,2.23209
86.80185,47.98165
8.75496,2.10618
4.28941,47.88794
5.01512,2.33147
86.99842,1.82905
85.69049,48.3133
86.66745,47.20478
88.72154,47.47017
4.41891,48.69464
4.60183,47.34136
10.85885,2.67143
6.91006,47.40972
5.65218,2.84872
4.93735,2.9442
84.11016,48.06495
83.75276,47.40472
90.80049,48.14624
9.15547,47.8797
4.93593,47.73288
88.66286,1.62481
88.2703,2.24525
6.14381,2.2644
86.25556,48.12725
86.48462,47.54117
6.64826,1.80757
5.50033,47.93535
85.24751,47.71274
7.63335,47.03848
6.15439,2.64841
86.19504,1.9399
90.41134,2.41377
6.44927,2.6623
82.12701,47.73966
4.30059,47.65127
88.71646,2.1726
87.08139,2.07453
89.33131,2.37851
6.82281,47.4798
7.64226,48.16304
6.03194,2.92518
6.32013,2.45099
8.14223,1.91916
87.76473,47.80099
5.38973,47.65838
4.93023,2.28839
83.90667,1.97778
88.90311,2.7794
86.60455,47.227
8.43672,2.26747
88.01269,47.23902
10.79015,47.96866
87.09108,48.13281
86.97435,1.81341
81.38306,47.34422
6.14035,2.07439
6.05887,2.11701
11.50955,47.65895
86.20411,47.94968
86.10855,47.20759
89.60696,48.39244
90.20465,2.43851
11.22678,2.09042
86.31098,47.57054
80.89848,2.79743
87.65302,47.44012
88.74206,47.32821
5.99554,1.97773
12.13482,2.28367
82.45262,2.52155
88.16328,47.36866
88.56489,2.10089
7.31908,2.69463
90.95914,2.33684
7.06266,47.47193
85.61977,47.96294
87.60125,48.24008
7.46285,2.00381
87.04992,2.57886
4.54672,1.62485
5.77064,47.64638
10.90854,2.10039
84.25638,47.89228
4.37241,1.8944
11.02322,2.07472
87.0736,2.26539
8.32723,48.27925
7.68699,47.71407
5.20786,47.27699
6.96803,47.61343
5.30911,1.88841
3.6231,1.99832
3.6231,1.99832
85.30012,47.45924
7.80349,47.86311
86.18095,48.06944
87.76261,2.59252
88.61673,1.96707
83.78113,1.96973
87.45366,1.83904
6.72495,1.95602
88.61177,1.78322
9.16681,2.74373
87.82031,2.42708
5.38578,2.50513
9.18865,2.41939
9.18865,2.41939
84.98231,47.42598
4.92394,2.35348
90.06421,2.30878
2.80176,2.29868
87.92492,47.52539
89.7466,2.55703
88.44907,2.61696
87.10759,47.87016
86.8791,47.87131
6.37235,2.41799
87.67662,2.44771
86.66692,2.21106
5.02336,48.083
5.49315,47.67273
87.68523,2.46921
82.77338,2.77572
88.75961,2.58238
12.19283,2.38245
8.21245,2.44139
86.08365,47.82392
83.77957,47.65703
88.6112,47.7216
7.98925,2.45656
86.98194,1.73692
8.16576,47.4027
87.92521,2.12659
8.33251,47.92038
85.36032,47.56377
88.03128,48.55436
88.9711,48.30032
9.32665,2.59622
7.06718,2.12468
7.6391,47.78695
85.60441,47.23219
88.38236,2.31773
80.32152,2.98661
84.31693,47.93891
8.59876,1.51211
84.34394,47.0374
6.7092,2.23723
83.30401,2.16569
86.12588,1.76822
89.25892,2.00028
4.46576,48.1225
87.65811,47.85957
7.8973,1.52261
87.517,1.69661
87.40909,48.08895
6.46799,48.08527
84.11601,2.077
89.52907,47.62974
6.05849,1.79921
86.94001,2.09463
4.96312,47.02682
9.02054,47.59356
83.37276,47.39973
5.10405,47.0908
11.75632,47.12688
5.71041,1.79054
85.93339,2.32393
7.19839,1.68219
11.22741,2.87832
7.09299,48.03892
84.53123,2.55106
88.5179,2.33337
88.95793,48.29071
88.31379,2.13276
89.76806,2.2318
87.8511,48.56481
88.49562,48.29099
5.9732,2.33199
88.8508,1.8632
86.17187,2.08504
87.02669,1.65429
9.99202,1.76986
6.32082,47.01979
10.37579,47.58275
9.46751,1.96119
11.60688,2.69079
10.89753,47.69164
6.98838,2.91836
88.52878,2.64459
10.62536,2.46335
87.00484,1.72407
5.84362,2.31192
12.0059,47.32121
8.2834,47.58182
7.38349,47.94921
5.32711,47.91304
5.85667,47.26791
85.15114,47.31183
83.6492,1.87157
5.646,1.51359
7.66113,47.59218
5.92855,2.75164
12.94524,47.4327
86.31396,2.0393
81.85639,2.44156
84.49204,47.40213
90.38557,48.03287
10.47313,2.33885
90.38557,48.03287
86.02154,1.77482
88.41428,1.46371
87.95068,2.23748
83.87288,48.02646
10.20122,1.92168
88.62957,2.42577
82.84242,47.67413
88.39474,47.61965
88.54727,2.70344
6.27016,1.8357
87.43494,47.70602
89.05706,47.6848
5.17497,1.89403
5.18334,48.36695
5.6094,47.68716
83.36573,48.09786
86.1337,48.4363
4.24641,2.39741
6.39368,47.26303
86.94592,47.65967
81.59039,2.51007
87.65706,48.25015
9.50798,2.01922
86.19951,1.66986
84.03639,47.50765
87.5871,2.42549
5.24015,48.03516
89.45002,47.80945
87.99439,2.27685
84.95518,47.37797
4.5859,2.41129
82.5032,2.98971
6.3504,47.42916
6.88753,48.04666
89.23499,2.06353
10.49033,2.00439
6.17081,1.78821
89.61409,2.07019
8.92986,47.08917
86.41697,1.96283
7.02383,2.30942
9.09336,2.13313
6.60127,2.2314
88.66361,2.45339
84.31575,2.03664
7.81471,48.08586
87.98895,1.93749
85.77502,47.82827
5.34146,47.97301
88.29734,48.33268
7.04118,1.58718
84.3454,48.24052
85.35569,48.20679
87.632,47.89573
89.44722,48.30856
88.70675,48.05798
6.63455,2.03832
85.59965,2.66675
8.97854,48.16079
83.68501,47.7965
9.17233,2.33947
88.37424,2.89229
7.30655,48.09418
83.86989,2.25027
6.12476,47.84783
13.10042,2.89467
4.40464,2.79663
9.55071,47.71191
5.40669,47.98649
88.88761,48.38923
9.68031,2.10935
81.40638,47.32177
4.56488,48.08389
86.69868,48.20298
83.20726,47.41129
82.85782,47.62157
90.35119,47.39241
5.90111,1.87193
83.38361,2.06034
5.11197,47.70081
7.00461,47.36309
90.04992,2.82558
5.48597,47.37062
86.76453,47.61842
7.81906,2.22344
8.57227,2.05269
5.92266,47.77156
87.94394,1.30469
88.44449,2.76929
88.67522,1.40493
86.90004,1.90921
5.50333,47.67742
87.86275,47.43674
87.3265,47.42026
88.63162,2.30887
87.42339,47.04339
84.08703,1.91053
88.42627,1.95185
5.83127,48.10343
9.03761,48.07702
88.77702,2.20685
86.44968,1.69334
87.3313,2.11682
12.31025,47.52027
87.21859,1.95439
4.14613,2.09343
5.69845,48.00075
84.10435,1.9112
89.28627,1.9829
86.32115,47.3341
8.04906,2.119
86.43688,47.88096
8.78974,2.40735
87.89861,2.5766
83.35478,47.52688
7.17757,1.95782
86.23309,48.17219
6.8913,47.35595
5.6004,47.50661
86.95674,47.1732
85.27717,47.75662
82.51626,2.81274
89.17662,1.53373
4.75328,47.48139
4.28721,47.98743
11.48026,2.08829
86.0122,2.68005
11.60881,2.77454
5.56115,48.37455
7.14687,48.17037
82.36956,47.44261
86.17517,2.86754
88.86763,2.05132
87.41405,2.87142
88.90967,2.18487
8.59159,2.81221
89.34108,1.47634
88.89207,2.25815
7.2176,2.06658
5.44042,47.70195
6.28417,2.46052
81.37015,47.02879
6.42172,1.86112
86.22145,47.70597
7.32615,47.69252
7.15727,2.26277
89.962,2.46913
84.00467,48.01347
6.01338,1.6388
88.25625,2.64776
6.37324,47.48285
6.61556,1.71078
89.09483,2.39096
90.09791,2.47289
5.24891,1.80887
91.21291,47.83396
88.71029,48.02232
7.49478,2.10294
4.74817,47.56191
81.92274,47.72506
88.15756,2.09367
87.91148,47.65157
12.42429,2.82363
88.56657,47.94511
90.49251,47.55363
7.114,2.56272
83.5938,2.90025
4.82363,47.83285
88.95259,2.14341
90.51411,47.91462
87.39557,2.21201
87.5175,47.07118
84.78211,47.37572
87.27883,1.74833
7.06869,1.58486
4.55782,47.35441
86.01895,47.90739
8.77957,2.13464
5.91049,2.28912
86.14899,2.02102
4.56615,47.61607
7.00745,2.12393
88.5545,2.60315
6.258,2.29092
84.01604,47.70998
89.8979,48.38674
5.01214,47.83272
4.69854,47.87976
90.07436,47.96206
85.73246,47.72159
88.4497,1.81455
87.28763,48.03695
85.33149,47.82598
83.79606,48.00926
6.17706,47.55239
13.08483,47.39219
5.3874,2.19998
89.66119,47.97903
5.95643,1.92009
9.84603,1.78075
87.62122,47.85105
10.3292,2.11301
86.15377,47.51613
6.46151,1.96294
6.60185,47.86673
7.35822,2.46364
6.91875,47.39187
6.51975,47.45387
6.194,47.92087
88.83981,47.79226
86.86066,2.4832
4.91147,47.17851
88.87031,48.3722
87.0271,1.84429
4.44837,2.66612
86.97941,47.62297
83.71744,48.18319
89.53792,1.51957
7.58786,2.44297
4.21508,47.71653
6.79688,47.43717
6.76943,1.6429
88.58717,2.82322
6.15615,47.57329
6.685,2.37204
4.41633,47.51169
7.13352,47.84562
6.45046,1.64449
6.85801,2.3521
88.9316,1.93724
84.96756,47.55859
88.50837,47.52212
6.42862,1.78092
5.34284,2.66637
10.18014,2.08464
84.69453,2.58167
10.33404,2.13285
88.76247,47.10066
88.83704,1.82467
9.91536,2.14383
9.22384,1.95919
87.56353,1.99447
88.16363,47.48807
5.87806,47.66687
85.11989,47.39883
89.2998,47.43703
6.66507,47.26536
89.07891,2.63487
85.76127,47.36832
6.59836,1.66229
4.87219,47.13234
85.37407,47.79445
10.39436,2.00279
5.69332,47.85962
90.69398,47.87033
9.66473,2.13813
86.11221,47.64737
91.2484,1.79429
7.30593,48.01974
8.46026,47.7237
81.71293,47.4323
86.03801,47.6185
8.59007,48.50159
84.78479,47.5433
6.11914,2.62731
90.21585,1.83292
8.18294,47.08504
89.24222,2.0804
89.0387,2.89591
4.24797,47.47439
91.96971,2.03999
91.96971,2.03999
81.27281,47.29726
7.65992,47.9872
6.49965,47.92295
7.28521,2.10093
86.9681,47.4691
81.79745,47.43744
88.64574,47.65647
85.79655,47.84101
2.46978,48.42197
88.53846,2.31073
7.47353,47.67049
5.27059,48.05221
89.39764,2.14643
8.65135,2.26214
7.08414,1.99124
5.22335,47.27623
7.58826,47.43273
9.73445,48.19626
6.59039,2.10699
86.73533,47.45072
3.93042,48.66099
82.28879,2.27006
6.0472,2.97705
7.06855,2.59301
4.88704,2.07399
4.69163,2.16119
89.23798,47.58102
6.17358,47.36565
88.32513,2.5138
88.9964,2.0201
6.875,2.44876
82.48008,47.80664
3.1923,1.80687
4.79262,47.01854
88.57387,47.67323
12.82617,47.45507
6.05226,48.02128
89.68619,2.80897
3.53337,2.90919
88.45976,47.08986
88.57057,1.72684
6.73427,2.5809
10.78711,47.74144
3.20632,47.13758
82.11017,47.77609
87.33872,47.64702
81.86146,47.39139
83.11013,2.50003
85.32412,2.68044
7.90453,47.21463
6.46909,47.91212
6.52965,47.79176
13.22957,47.28185
91.05711,47.91084
10.61973,47.89734
88.52779,48.61053
4.43562,47.3179
5.17005,2.86913
88.53784,1.83558
87.03107,47.61111
87.58752,2.96659
88.41992,2.54295
84.03348,1.79705
88.35174,1.61786
87.71502,2.65123
90.32709,2.14944
11.6276,47.27544
91.19005,1.80537
6.33966,2.68088
5.14456,47.86126
5.42924,2.28852
86.0347,47.4978
85.7769,2.6134
11.41549,2.40287
86.56577,48.02952
8.94626,2.16617
8.18659,2.45295
89.97921,48.62002
4.64477,1.52602
87.82128,47.45812
12.08845,2.3236
8.09149,47.32071
87.93519,1.46282
88.78439,48.1345
86.53071,47.35275
88.44831,2.16747
6.20489,1.67568
86.09106,2.20656
82.18472,2.72751
89.41554,2.04572
87.90478,2.40196
89.80293,47.03898
5.44897,2.70922
6.61117,48.20562
2.86734,47.21959
86.95199,47.48086
4.37063,2.54653
9.20138,47.7857
5.54405,47.97614
7.19621,47.85984
84.69189,48.02429
8.25017,2.40277
85.87665,48.15175
82.95646,2.32226
87.04678,47.95606
8.29444,2.62611
6.02427,2.18567
10.58957,2.23222
89.44051,2.84684
7.02767,48.10997
5.61477,48.48694
7.30077,1.75274
9.37063,47.32293
6.04516,1.77519
87.72645,1.50107
90.09241,2.96818
6.64869,47.7037
87.85352,2.27594
5.79386,1.8982
81.65139,2.71687
87.09233,48.53528
89.06192,2.56451
88.75111,2.89066
7.72102,2.67313
7.29343,2.70428
5.69643,47.75395
86.76537,48.36812
6.91697,2.72028
6.41302,2.51396
88.97823,2.41169
5.63408,2.22548
88.09637,2.14488
8.38354,48.53618
89.74653,48.05431
91.58671,48.39943
83.1907,2.12335
89.87983,2.2277
90.05112,48.16062
86.50682,48.46097
84.3236,47.63667
87.62315,2.57591
5.9159,47.97411
6.32593,48.0294
10.64858,47.6237
85.28006,1.74542
85.78825,1.47967
85.74038,47.69004
5.91809,47.56469
5.36944,1.81943
88.86965,2.06317
90.36841,47.0189
88.88795,47.19952
5.28733,47.90621
5.02023,2.13231
86.44751,2.19406
86.38491,47.89491
87.87171,47.63968
3.01536,47.9971
83.76798,47.38215
85.28003,2.76976
10.88916,2.64075
89.74058,2.39028
8.09531,1.99162
89.52664,48.11393
89.99274,48.22856
88.93103,2.52193
5.79302,1.67635
8.16013,47.33314
3.88563,2.67029
5.87504,1.55963
6.61088,1.62151
86.57867,2.59748
83.70194,47.54334
5.19519,2.01416
89.49029,2.78792
3.62986,48.16419
89.81355,2.74865
8.73951,1.5099
11.86346,47.78834
86.82143,2.38313
7.27398,47.60146
4.65961,2.10585
86.84903,1.92161
8.96756,2.78494
8.96756,2.78494
87.99836,1.88647
5.64902,47.50243
5.25802,47.36246
4.3022,48.06128
81.52015,47.26736
90.66823,2.95074
6.15147,2.2416
88.4694,48.52781
87.75566,2.26063
83.98786,1.92956
4.83945,2.19892
92.89772,47.15608
82.02495,47.61639
9.8186,47.98545
6.40679,48.26424
88.84967,47.44078
89.72203,2.6817
6.14847,47.58125
6.67314,2.18805
9.80451,47.4723
86.25549,48.37347
89.1041,48.09079
88.10616,2.59826
82.00362,47.19375
89.07183,47.65372
9.1763,47.28157
2.80358,2.03062
6.07001,1.87405
89.79668,2.16971
86.2857,2.97862
88.28253,2.03554
84.46543,2.88454
5.91025,2.28267
4.4633,47.17509
88.81132,2.08349
84.10982,47.37706
84.6624,47.91043
7.76839,2.01685
7.5814,47.34271
7.5814,47.34271
5.80396,47.90796
87.47387,1.86233
87.0534,48.06064
87.84547,47.53534
4.31213,48.48499
88.95097,47.92759
91.52406,2.91534
5.66277,2.27762
86.03097,48.19467
83.76763,2.53287
4.06311,47.44399
88.89722,2.23067
87.70112,48.30472
8.94506,48.17329
88.10502,1.87479
82.95774,47.55674
9.76681,1.80713
5.80127,47.40318
8.66852,47.1505
9.0757,47.78465
7.95412,1.73642
10.25491,47.11726
6.85337,2.39652
89.1483,48.1168
4.156,47.99872
85.20846,2.1212
4.43191,48.32425
85.06361,2.7355
86.81731,2.70289
89.19157,48.16567
13.51556,47.13716
88.90364,1.66317
85.37309,1.96315
84.83396,1.95119
88.9173,1.34694
4.45223,47.59542
4.68171,47.27448
87.47951,2.42812
84.73063,2.32131
88.41453,2.6287
8.43796,2.24986
89.37342,2.13934
4.35717,2.97318
8.15119,48.02599
87.77965,2.56682
6.28422,1.99928
87.62106,1.84965
88.52975,47.12606
88.14005,2.52809
90.15346,48.05627
84.32162,47.32366
86.94992,47.84488
86.49306,47.12083
87.24648,48.10655
4.87801,2.40731
82.05794,47.67285
6.97457,48.56916
8.14975,2.21948
8.23466,2.30938
89.11082,2.54044
88.39005,2.00358
7.63108,47.97644
5.64257,47.81199
4.79382,47.09282
84.67806,47.46281
86.00908,1.60635
88.11157,47.07442
89.1953,1.91049
3.95238,1.78467
7.75718,47.36746
88.32161,47.63637
4.73652,47.05935
4.6464,47.6384
5.82285,2.33449
82.97505,47.74932
89.83512,1.99574
83.35869,2.94095
4.54302,2.16186
88.57078,2.03179
3.53856,48.15214
86.14737,47.88284
3.49109,2.63299
4.95649,2.45892
4.66584,47.53273
88.50389,2.1571
5.08719,47.59818
86.26523,1.99481
7.29168,2.34841
86.90635,2.38151
88.71805,47.13818
88.36835,2.66653
85.2778,47.72598
7.85297,47.52857
86.84248,2.09796
10.89088,2.91608
8.2492,47.07518
6.65031,1.97921
4.85692,47.9756
3.12081,2.11903
3.87601,2.62326
12.8575,47.33466
6.86794,48.09934
85.2742,2.14662
86.4697,2.82508
91.24743,2.10877
4.93246,2.62602
84.58416,1.82255
11.38978,2.22318
88.43731,2.18671
85.09026,47.7118
11.6455,47.5417
5.08171,47.89175
87.62454,2.73393
8.12938,48.23477
11.84031,47.34039
6.78697,47.65404
86.52473,47.76813
89.19618,2.9933
12.13974,2.38336
4.97362,47.51808
12.27432,2.6106
89.9827,2.28278
86.21089,1.51636
8.0326,2.65482
8.0326,2.65482
90.02458,2.49536
81.47864,47.20483
7.01847,47.87632
85.02585,47.97785
7.62416,47.80836
87.49109,2.7871
7.64774,2.19664
5.85964,1.94004
84.57793,47.67065
4.58252,47.81884
7.97793,47.66296
6.54052,47.98975
6.30773,47.73984
9.23046,47.93645
9.29364,2.57699
5.61406,47.85615
88.48086,2.903
87.59352,1.43765
87.93359,2.32491
86.87356,47.8689
88.18434,47.61122
88.47754,47.15106
88.9418,1.96174
10.18654,47.24788
82.35134,47.58163
88.86279,47.73092
84.77501,47.52815
6.71957,47.9509
10.50338,47.66406
6.32995,2.44093
89.61929,2.34822
88.40989,1.98561
89.42269,47.39258
89.45067,2.25017
88.06891,1.85393
8.16864,47.47048
5.58443,47.1193
86.70585,48.64564
92.08649,48.19739
85.37963,1.96365
7.08224,47.1908
87.42648,1.70453
84.47179,47.99971
82.7305,47.49481
87.99877,2.6143
9.58938,47.50326
9.59216,47.73764
7.33603,2.75838
7.0022,47.7023
83.3193,47.02522
87.38987,2.21531
86.35567,47.60208
84.87925,2.04892
6.66956,2.68348
83.89782,2.04053
85.46659,47.16454
9.72564,2.11989
88.5347,2.50372
88.75108,2.22095
11.14918,47.56144
6.65506,1.93027
90.47645,47.38913
9.69227,47.51525
89.44633,2.2312
6.25429,2.16286
10.98167,2.21399
88.0164,2.97896
86.53766,47.67954
3.57038,1.94202
10.177,2.98896
5.24709,47.51193
8.48078,47.16671
87.15379,1.89018
90.16616,2.40597
85.13672,47.78544
6.88974,2.75028
83.31308,2.40694
4.93742,47.87964
12.85978,2.7051
4.48704,47.23328
89.38986,2.47443
7.54048,2.66896
81.19515,2.50679
4.47293,2.96347
7.62063,2.00503
5.20718,48.10536
88.55836,47.97621
86.45826,1.95271
6.05596,2.5933
5.71154,2.81112
89.65836,47.76795
8.72882,48.27874
88.85264,47.90048
89.28911,2.56241
82.83716,47.24832
86.07851,47.82795
87.25293,48.60523
87.84686,1.36437
89.88875,48.13426
9.33418,2.24205
86.0337,1.95057
4.77563,47.10183
4.70046,2.24111
90.28681,2.01195
13.66601,47.10423
86.57457,1.36632
86.95024,47.75075
86.24144,47.85912
11.75956,2.72739
88.78335,2.39746
84.94728,48.42152
86.26854,47.7191
85.66722,2.15311
6.77621,47.7297
7.28226,47.35775
5.23856,48.145
3.7677,47.57486
89.61106,47.76407
88.6408,48.28182
87.00247,48.08552
84.9731,48.13212
6.10568,48.02209
85.42186,47.51534
8.16837,47.62825
89.22508,48.03749
87.26723,48.31242
5.55033,1.81085
90.58578,47.82565
88.27756,47.60833
89.19565,1.85721
85.23898,48.24419
7.6852,1.95038
80.53118,47.20374
6.0538,1.82984
9.67204,1.89036
86.60552,2.3908
5.33251,2.52065
87.13168,1.54506
89.9386,1.60071
87.6784,48.58548
90.09951,1.4577
87.84318,2.17143
7.61487,2.27713
88.79674,47.67168
6.42625,1.92085
6.35257,47.81724
84.52487,2.30928
4.54961,47.33398
11.48479,2.39949
87.38432,1.95767
6.01857,1.66403
88.16354,2.50481
82.54434,47.78862
90.46281,2.55197
90.69903,2.21245
7.9368,2.48
89.49459,47.93663
85.08075,47.7003
90.9762,2.46305
90.76998,2.27055
4.91035,47.93835
87.35935,1.89988
87.72875,2.02917
4.47078,2.49873
86.62088,47.64658
5.30313,48.40671
86.40183,47.159
12.9502,47.13636
88.86822,2.20297
5.97489,47.18527
88.50927,47.68656
88.97618,1.86272
9.84086,2.19168
85.55432,2.23934
86.03577,1.68267
7.08907,47.8044
4.12882,2.35806
8.38179,1.86195
87.56125,47.67122
9.06591,2.73365
86.44505,47.32354
88.12763,2.51179
85.11343,47.49308
6.18152,2.10278
11.35372,2.29873
80.92898,2.76677
87.59844,2.97514
83.66575,47.65598
86.58323,47.80253
82.68507,2.48133
6.41699,2.0637
83.84023,1.91945
8.80486,1.8267
82.11415,2.46124
84.15644,47.37279
81.86396,2.75205
87.7175,2.81098
85.34967,47.50969
88.11142,48.68314
3.92482,47.44308
85.69437,2.04915
3.4767,2.27682
85.13715,47.29323
11.84742,47.70245
9.56092,47.55919
4.47148,48.459
85.61535,48.23784
88.00657,1.29818
86.73557,47.55291
89.45094,2.13535
86.67861,47.10304
84.64612,47.60152
86.9289,1.94134
86.08648,47.37573
6.99808,47.37563
85.23672,47.93135
9.14265,48.32158
4.04855,47.97852
4.62115,2.55639
86.95723,47.66873
9.65372,2.56787
88.31952,48.2709
8.78107,47.8798
88.33555,2.71931
88.00911,2.03871
5.85314,1.50952
4.45329,47.25889
11.10788,2.69578
4.70372,47.4141
11.94983,47.71769
4.50894,2.70605
2.89774,1.64511
83.92932,1.84938
91.52745,2.38826
12.36251,2.39845
8.47462,2.0019
4.9643,1.87445
3.33834,48.04271
87.52367,2.59268
83.25132,47.27318
86.51858,48.08632
81.31473,2.58284
11.21263,47.64472
84.84685,48.11946
88.52782,2.82998
87.41177,2.55634
85.74661,48.24943
83.66379,2.27
5.84444,2.461
87.38421,47.53421
90.27772,2.69207
89.78455,2.25821
6.83155,2.20596
5.65709,47.89253
6.06994,2.4415
82.10584,2.56556
88.4684,48.31921
7.52542,47.5322
5.1452,47.26898
84.4445,47.76408
89.11739,2.09304
81.54931,2.83087
9.14499,2.06151
90.12298,2.36519
88.62569,2.38531
87.59324,2.1319
10.80968,47.04376
87.87114,2.36919
88.66425,47.5315
4.67339,2.59203
84.41635,47.88141
5.58787,1.71669
86.89575,47.82482
5.03528,48.26535
88.97611,2.27221
4.65566,2.69257
5.41046,2.3621
5.33921,2.44144
85.75473,1.75653
5.02863,2.37343
10.02335,2.33162
3.46162,47.38456
88.408,47.45556
6.19478,47.66578
85.43086,2.07707
85.55912,2.52573
88.23421,47.38895
83.01765,2.49347
86.60389,47.26142
5.2372,47.33295
84.08256,47.80138
89.90338,48.61971
88.93073,47.92202
91.94169,2.10921
87.19768,1.81245
85.73477,2.64969
90.66105,1.82967
8.96022,47.71557
87.92657,1.95468
6.18293,2.18751
89.43729,47.59784
89.44927,2.64875
9.54727,47.82359
90.51938,1.97712
9.89929,2.75505
86.13203,2.17624
84.62603,47.59124
10.51587,47.54122
7.78516,48.03944
88.40503,47.41104
7.0757,47.21161
10.106,2.6332
4.6838,2.4355
5.71262,2.21103
4.68056,47.65852
5.77831,2.42339
89.48115,47.49541
89.68147,1.82578
8.15152,2.88161
5.87603,2.07057
88.36743,48.11424
87.65665,1.99547
5.68424,2.49246
4.12891,2.27986
6.28212,2.56397
8.46823,2.86052
6.43361,47.95053
8.43048,2.27982
90.96904,2.91062
11.48261,47.12554
5.58377,47.68467
4.24871,2.86036
89.00385,47.01313
88.48393,48.21614
84.23456,2.52143
9.74416,47.42454
12.90619,47.33996
12.04259,2.3158
5.40772,47.63759
90.35987,48.15635
6.28344,47.60771
88.80921,2.23394
90.38154,2.01478
7.76408,1.92413
6.33077,47.06407
84.65717,47.51361
88.19796,47.52821
9.37216,2.63261
9.37216,2.63261
87.90054,2.58898
4.26405,47.40402
82.02618,47.10157
85.27996,2.63394
87.35324,1.55054
87.71616,1.62746
88.0097,1.97296
6.53922,48.24628
88.56686,1.78219
85.78613,2.53378
88.72646,48.52436
11.05345,2.67911
9.90388,47.94821
6.3296,47.71576
6.75199,48.11848
85.29075,47.59766
12.44884,2.6007
88.48459,2.91987
12.11811,2.41805
9.34807,47.84816
6.25652,47.43752
7.22086,47.47106
5.5866,47.63821
5.38855,48.0383
85.78583,2.43743
9.65878,47.75594
89.68431,1.73034
6.05847,47.05388
6.05847,47.05388
5.18114,47.79567
85.09929,1.9536
7.14273,47.93234
7.09243,48.38717
85.03008,47.62734
91.26823,2.19975
4.52787,47.73739
90.19047,2.40595
86.66087,1.96937
4.74303,47.71061
9.77828,47.77864
85.55291,2.24012
5.12961,47.639
3.79726,2.1176
8.93278,47.9406
10.26351,2.76282
82.22694,47.53374
89.32358,2.79055
87.84644,48.07384
89.53763,2.77565
5.81239,47.74275
5.77013,2.4756
85.90784,47.44948
87.58421,2.14077
85.82971,2.49974
4.6359,2.11819
2.14554,2.83372
5.95737,47.25311
88.80168,2.10043
88.39454,47.51793
89.10379,2.37178
10.68541,2.03994
89.2913,47.26689
86.89753,47.96313
87.82086,1.76963
5.18877,2.1172
87.81767,48.04721
88.05201,2.75097
88.95612,1.71845
13.0714,47.39999
89.88476,48.44784
86.03382,47.85899
87.4896,48.59971
87.34454,47.60175
88.06352,2.46399
5.47145,2.07869
89.5321,2.3694
6.77735,1.91947
90.32358,47.39387
88.18637,47.14806
10.42468,48.06508
89.03282,2.36862
85.80515,47.69151
87.11839,2.76412
6.02331,47.21589
88.81864,1.67537
7.17165,2.92989
6.48565,2.72513
9.26916,47.63973
6.9915,2.19037
89.55332,2.11763
89.45805,47.9325
88.31796,2.31595
6.20691,47.49868
88.01263,47.68833
12.83571,2.98018
87.85397,2.25363
9.79957,47.95743
4.47892,1.45934
88.86113,2.59134
5.16835,47.99154
12.25719,2.3131
7.59026,1.87146
89.42764,47.39619
4.63187,1.69313
88.5232,47.83213
85.78397,2.8378
85.64099,2.1723
8.14527,2.51386
6.40348,47.97639
84.9116,2.15605
7.4171,1.97393
4.76553,2.54309
7.07441,47.60792
86.45311,2.01619
88.54787,2.59102
5.97132,48.09968
88.79894,2.35181
86.18081,48.17183
87.30315,48.17924
84.66461,2.46592
5.87964,47.64564
82.64966,2.21444
4.59523,47.29888
89.22299,2.86044
87.36907,48.17298
86.91282,2.52852
8.79241,2.66893
88.6862,48.20588
5.17163,47.94622
6.10974,1.92908
6.68686,1.32841
6.50665,47.1442
88.34336,48.36718
6.30976,2.5786
6.44895,48.15449
5.01328,2.33003
85.02094,2.31488
6.22851,1.7317
5.28251,2.33807
90.49341,47.88547
89.41313,2.88217
87.78269,2.38825
83.91038,47.67865
87.00375,2.13636
5.59965,47.3856
86.58417,1.67424
5.29423,47.97538
88.69525,2.23003
88.45499,48.13702
89.03033,47.8973
7.68405,2.90252
86.65277,2.07018
6.47293,47.71462
87.51787,48.46396
87.39996,2.80256
87.68956,47.41494
86.22012,48.08612
88.09825,48.27395
8.42936,2.17151
3.56787,1.98042
10.69805,47.69449
6.03891,2.85544
87.74664,2.52944
7.04694,2.49777
5.19546,47.99618
86.54578,2.80338
85.76329,48.39976
7.18895,47.21631
4.57276,47.54936
88.8499,2.25101
90.7268,2.59586
82.44544,47.48588
5.38653,47.12259
88.14695,2.36038
3.86435,47.78428
7.91679,47.81428
4.18371,47.5498
87.55381,48.14498
7.04845,2.66564
84.7265,47.54673
11.90682,47.64759
6.43289,2.21667
4.05877,48.00727
5.00258,2.5274
8.84687,1.98737
90.98367,2.16486
86.69927,2.05258
4.34275,47.97538
88.10908,47.42619
5.41005,2.10965
11.909,2.50049
10.32986,2.07555
87.69401,47.69301
88.22597,47.41292
4.66446,2.18809
88.85291,1.64666
4.94709,2.61462
83.87453,47.34251
5.99632,2.06087
89.05682,1.65293
89.91143,48.04465
88.12243,47.45186
6.36724,2.37513
4.30797,2.09383
5.04485,47.55684
83.54865,2.32687
86.58746,2.83329
89.12562,48.40647
9.10584,2.86348
88.703,47.72077
9.86243,2.10868
86.60745,1.8254
89.51708,2.15641
10.22721,47.63005
6.96707,1.72192
88.76919,2.24755
87.87581,48.43914
9.79878,2.72334
6.86755,48.08471
5.48839,47.15878
10.94117,2.5943
84.4065,47.88174
10.79361,47.8458
11.35794,47.62132
83.42657,2.38565
89.79876,2.8436
89.09028,2.01572
2.60695,47.87813
89.89941,2.48129
10.05285,2.46277
89.33988,47.71985
4.75045,2.28459
9.84305,48.1247
11.04001,47.33738
5.21327,47.9692
3.73123,1.59425
89.17659,1.47439
9.08616,48.14167
87.38545,47.61427
88.20202,1.44603
7.23145,1.7954
6.78832,47.97331
7.3533,47.25774
4.40878,47.9782
89.3121,1.87
7.67613,2.26161
5.83454,1.69081
89.38387,1.98341
8.45361,47.68189
5.85083,47.54731
5.10872,47.48796
88.86662,1.96261
6.50136,47.06003
87.65691,47.24645
6.79645,2.81291
5.23956,2.67825
13.54549,2.81755
87.255,48.19397
89.23777,1.94217
6.99279,47.97845
88.39727,1.99055
8.62145,47.08234
85.24944,47.81979
11.61394,2.82514
88.8841,48.45954
6.49213,47.90906
11.81284,47.53209
89.43295,48.04382
10.80739,47.90365
9.83591,47.42506
9.02188,47.43963
4.1086,2.69997
7.0627,47.43229
83.83546,2.68489
86.36473,2.92389
88.45539,47.82674
6.84103,47.5383
83.50118,2.85016
5.3394,1.96095
2.39929,1.96792
5.21307,2.47197
88.33214,2.79721
4.94099,2.71291
89.99673,47.92716
12.06924,47.19256
84.46169,47.70263
8.52959,1.74238
4.28858,48.06209
88.92321,47.97959
5.76879,48.0499
7.69027,47.51243
4.38428,47.70454
88.35932,2.05572
5.99662,47.74191
87.84033,47.57713
88.78327,1.55219
4.08959,47.99281
6.2216,2.12653
6.02064,47.77816
5.83426,47.8132
84.688,47.33989
88.51179,47.7124
5.77996,47.778
90.74792,48.35122
6.91148,48.1647
6.48862,2.40122
85.73897,1.52721
9.95086,2.06096
8.74331,2.41223
5.95989,47.44719
89.73958,47.67827
85.61476,47.64238
5.19255,47.40456
6.08318,47.09253
87.91046,47.82584
4.22865,1.76202
84.63279,47.40024
89.09052,2.8365
7.87109,2.6545
8.3584,47.20573
6.00664,2.36764
8.09521,2.44885
5.70634,47.4155
88.53702,1.8324
87.76456,2.31295
83.72797,2.92395
6.67457,48.05642
83.29471,47.77405
5.41508,47.48934
89.65691,2.49976
88.07157,47.7216
8.16741,47.67935
5.53712,2.72381
88.94154,47.84572
5.10778,1.92189
89.48282,47.70563
88.10597,2.00397
85.42073,47.12068
87.90093,47.81582
89.01473,1.90099
87.12445,2.19781
10.21926,2.42147
84.6609,2.53848
5.62683,2.47318
86.22441,2.47742
87.11065,1.84843
4.80852,2.60195
9.37047,2.62742
5.25162,2.39847
3.51606,47.63199
87.93901,2.66665
88.82389,48.27104
10.51492,2.74226
8.32905,47.78523
8.8638,47.6987
6.125,2.34257
5.67514,47.48587
7.12436,2.26889
7.99822,2.45566
84.14128,47.10534
84.06952,47.45307
87.95941,47.47357
87.7308,2.24998
3.4645,2.86546
6.40496,2.40294
4.66975,1.46664
7.65056,2.41744
88.1963,48.23325
5.15726,47.66519
88.29658,47.48319
7.02742,47.53375
6.30754,2.91109
3.36509,47.82233
7.93539,48.11088
87.52262,47.40767
88.26512,48.42368
3.97817,47.69745
6.57893,2.65252
11.0307,2.62776
89.4341,2.98117
87.64529,47.70944
4.82979,47.10625
87.21504,47.59819
88.15055,2.91754
89.30651,47.80591
7.38923,2.19398
4.97248,2.11422
88.01182,47.73974
6.82896,2.15728
6.3301,1.79003
4.62328,47.9365
88.64146,47.62497
7.15591,1.90696
5.38568,48.14508
6.30159,47.2131
5.76227,47.45271
10.73123,2.07726
5.19093,47.9888
7.79709,2.59294
85.31749,48.259
89.30915,2.95184
89.75842,2.13148
5.81766,47.62754
3.5183,47.86884
86.67826,47.88578
4.81856,47.84042
90.69254,2.80138
11.01791,48.01992
6.89577,47.13619
12.32488,2.78047
9.4547,2.46389
86.62669,2.35547
4.27593,1.98122
4.30541,1.6271
90.06355,47.48494
89.3363,47.78089
4.53203,48.04247
86.71302,2.34473
6.38144,2.677
85.39421,47.68618
88.58118,2.46207
5.56102,47.58685
88.13353,1.9711
83.24269,2.44835
5.60932,47.75985
87.80196,48.69763
5.31435,47.58286
5.67201,2.62438
6.82779,48.37604
3.37536,47.6309
81.90477,47.37061
7.78334,47.28728
87.78713,47.76611
87.91592,2.30771
84.82459,47.92796
89.00419,47.03448
86.27766,1.39503
87.8085,2.00442
88.29015,48.62055
86.41041,2.04357
7.87929,2.04011
87.3145,1.47252
89.64073,2.44741
86.59042,47.36715
86.59641,2.10066
85.44569,2.0894
85.1928,2.52757
4.98423,2.78036
3.94034,2.97044
90.92534,2.81752
89.81948,48.26279
4.06632,2.44617
85.33941,2.41162
5.82917,2.2042
8.91883,47.77235
86.04469,47.47547
90.16187,2.21554
85.41603,47.43129
89.15737,48.09641
4.80119,47.90504
3.56862,47.43432
5.43055,48.2685
5.49791,1.82089
8.87855,47.51155
4.50081,1.85202
83.56885,2.64825
89.92975,1.72065
89.87729,1.63701
9.6099,2.09397
89.33041,2.74964
5.29348,2.00508
90.41434,47.97174
5.28865,2.03328
86.71604,48.03816
87.36709,48.70452
9.62441,47.8079
9.03209,47.62493
5.36228,2.21485
5.81388,47.39436
5.95701,47.83544
8.60535,47.88297
87.60971,47.41738
87.52849,48.01388
89.30661,48.45854
5.75425,47.31521
12.39924,47.25843
85.52201,47.70719
83.48403,2.43404
5.1969,47.68658
84.71113,2.32534
4.19752,47.38172
6.0684,1.72867
5.36007,2.43589
8.61963,2.33254
6.48565,48.28064
8.31409,2.64203
85.30901,47.6476
5.03961,1.62188
84.53993,2.06489
10.23918,1.86777
86.64485,1.84578
11.49745,2.88811
6.37491,1.72625
90.87582,47.31643
87.31654,47.80787
89.35504,2.63811
88.38863,47.27303
88.02585,2.26942
90.05815,47.90283
87.13189,47.23039
87.82865,47.88391
89.00727,1.64464
8.71053,1.59399
3.90014,2.24641
10.57824,2.88808
10.57824,2.88808
3.06062,47.96839
5.95023,47.93842
7.21724,47.79549
88.39601,1.99532
9.13398,2.29115
5.00281,47.88722
9.29729,47.92002
89.12952,47.84415
4.95602,47.58713
4.32731,48.00104
89.24845,47.84476
87.56229,47.99165
6.16375,2.28546
88.54584,48.06035
6.74668,47.87144
87.67789,2.55626
88.19288,2.1981
9.38397,47.97425
4.5412,47.12677
8.04739,1.83985
81.64265,2.9415
9.76234,2.56983
84.6888,47.48644
87.12184,48.12603
88.52933,2.63772
87.24645,2.42271
5.96412,47.77665
9.52698,47.0751
85.56585,47.01876
12.09709,2.79156
88.50802,48.32553
9.93417,2.05673
7.85233,47.634
83.74012,48.04731
88.91475,47.22199
86.1541,2.69526
81.90626,2.75926
8.41566,47.98392
6.97382,48.37399
86.85902,1.73908
10.01983,2.65942
7.04792,1.83328
4.38384,2.88739
8.40297,2.05358
88.95402,47.52922
86.79623,47.38378
3.16745,47.72635
5.27092,1.84806
5.90432,2.37152
80.99727,47.25142
5.29613,47.28291
88.99399,2.10905
88.7927,47.83162
84.06811,47.47285
5.25817,48.513
89.39322,47.23898
6.26909,47.75148
85.5291,47.68166
88.0075,1.97354
10.82872,2.64314
5.9471,1.85542
89.32324,2.43671
86.12128,47.88303
83.64542,2.16474
10.64893,2.6927
5.35457,2.47555
88.72638,47.64836
88.01212,47.8866
9.11518,2.13806
5.77946,48.04328
85.98526,47.52144
7.13474,47.85147
5.88757,47.11992
88.9663,2.70093
7.76331,2.62498
86.16566,47.18299
83.20875,47.90272
82.57646,2.93571
87.93645,47.51792
7.63978,2.7368
7.76014,1.95009
6.49121,47.40831
87.89181,47.82364
83.96108,47.83999
7.03502,48.25014
6.77032,48.21535
5.28058,47.1297
87.09094,1.84671
81.73858,2.68573
87.07937,48.12012
3.90924,47.72526
87.43256,47.36894
10.75721,47.93649
11.92903,47.28297
84.70288,47.88341
88.3222,2.96823
3.6588,2.78019
88.65168,2.25392
87.60039,2.57675
89.27131,2.45696
81.4913,47.28634
90.42223,47.3133
89.94171,1.7154
3.05877,2.17146
87.87717,47.99749
4.14062,2.20141
84.80811,47.97072
88.6774,2.10795
91.91649,48.01418
89.1907,47.96011
4.0327,48.02233
4.32817,47.66975
86.16697,47.8004
86.83547,1.95117
83.67374,47.35016
85.35344,48.10972
88.63786,47.67975
87.86014,2.56265
89.69856,2.05203
5.6304,47.97388
10.57501,47.00309
4.43068,2.30589
5.21541,47.72516
85.77492,47.70338
6.68686,1.62135
4.35004,47.96614
86.97397,1.88003
7.23239,47.62622
6.20799,47.72233
88.22767,1.77524
86.79298,47.01796
86.79298,47.01796
88.36128,47.20262
9.86619,2.36499
85.29814,1.78841
9.04452,48.06814
83.72056,47.66815
89.81613,1.62506
4.74576,2.13668
83.35377,48.09273
7.3938,2.44215
6.39383,47.78664
87.09622,47.74008
11.80178,2.67396
88.89329,2.34819
87.85958,2.2901
89.66882,47.0431
7.17947,2.44059
6.12226,2.23464
88.61676,2.09415
91.83975,1.87023
7.08963,1.63738
8.09561,47.74096
89.14385,2.38821
90.94705,47.43109
87.19969,47.50249
87.46244,2.33613
85.39422,1.56602
8.6505,47.3579
6.37743,1.9841
87.51187,2.53254
84.173,47.41117
87.47128,2.01479
85.68977,47.98751
10.42136,1.9917
6.2867,1.73488
88.453,1.92672
5.59262,1.48538
88.1961,2.01386
4.74097,2.32388
7.87238,47.95762
9.18885,48.07027
6.54728,48.11411
4.73558,47.94322
87.6354,47.74628
6.01287,2.35633
82.87344,47.71843
85.46071,48.06647
6.49656,2.36854
6.80453,1.84331
84.83121,2.1248
5.82497,2.10194
85.81061,47.17249
4.43098,47.9924
86.87625,47.55214
89.10828,1.45577
84.61067,2.16307
86.42831,47.28889
7.30366,2.04714
8.04894,47.07701
4.65035,1.95167
88.59632,2.17597
83.51551,47.60349
86.40356,48.23924
11.21479,2.18783
90.64938,47.47772
3.87847,1.65644
6.52456,47.59935
87.58585,47.80647
5.24713,2.18614
7.19705,47.95092
87.88328,48.195
87.53145,47.72858
7.85035,2.20051
88.64289,47.77508
87.05726,47.57713
10.39643,2.97119
89.5538,1.91686
82.19837,47.70839
87.95385,2.35609
87.68358,2.75243
84.93837,1.97402
9.55781,2.79655
10.73812,2.24215
6.64864,2.21979
10.51787,2.25767
6.17201,1.6342
88.05461,48.02866
86.82796,47.50468
10.8792,2.2349
5.66509,2.68297
87.30532,47.62726
88.84011,47.5034
86.73217,2.12505
7.25376,2.24604
86.82848,2.58417
3.02802,2.77009
10.58879,2.68141
89.00404,47.57619
6.71338,2.56149
88.1805,1.88294
8.36685,48.12769
81.48434,2.91114
88.99175,2.5418
8.80992,48.10422
9.11573,47.98396
8.50561,47.57684
6.58043,2.38669
9.00003,47.99683
6.5986,1.65708
87.9435,2.2175
87.08583,2.30295
5.26951,47.0532
6.22917,48.56191
7.32851,47.45044
5.71535,2.22657
88.71408,47.75009
82.20586,47.35018
88.4479,1.64758
5.58396,2.25721
90.13905,47.61033
6.19374,47.53081
5.26593,47.1897
86.92523,1.85522
83.20707,2.88307
87.54189,2.53948
82.4307,2.33158
87.87325,47.85877
9.04271,2.1171
86.56127,47.71484
89.24688,47.81765
87.61146,48.09118
6.0269,47.51227
6.31235,2.48972
88.97373,2.68785
7.30377,47.51301
5.37146,47.58698
89.10123,2.58373
88.25392,47.97486
5.39288,1.8311
89.36003,2.76071
4.88748,48.29458
83.70646,48.05841
83.37596,47.49175
10.55901,47.16141
4.49044,48.40321
88.57591,47.69491
83.23109,47.98048
9.38014,47.32097
4.02034,47.94664
12.97582,2.71821
4.48814,2.54774
5.24294,47.93324
4.42252,48.12758
87.42876,2.25506
85.78806,47.06068
7.18905,2.23581
3.05003,1.93231
6.61955,47.36899
5.91973,47.48281
10.27556,48.137
89.37228,2.31464
8.06769,2.41239
3.49311,1.9279
6.56794,1.98132
6.26613,1.97849
84.27557,47.94851
4.96354,1.59882
86.05265,1.91625
82.0164,2.50507
7.70256,47.16972
87.71972,2.15411
3.54805,47.57539
83.50043,47.47438
85.27884,47.20468
6.23196,48.07747
87.71807,48.14775
89.3267,2.36293
3.93005,1.96094
85.22885,47.33922
88.86509,2.69402
84.48252,47.73101
87.69079,47.87349
88.50588,2.76022
87.57576,2.94042
4.35923,2.51936
5.7618,47.41641
5.44053,48.07171
11.53514,2.9881
87.34065,48.0594
81.81318,47.35666
9.59747,2.46458
7.2723,2.73601
86.91384,47.05277
86.80392,47.29558
90.40674,47.95663
82.23188,2.39587
6.2434,48.19849
4.17547,47.63002
4.27514,47.45902
8.38604,2.66622
9.36789,2.72276
5.08167,48.14663
82.86936,47.74243
84.39135,47.26708
87.49447,2.24359
91.36009,2.97643
85.29699,48.34867
5.68697,2.25785
88.80233,48.25122
87.23038,47.49115
6.49371,48.71656
4.05513,2.33361
7.02405,48.40964
7.75905,47.9498
87.8567,2.65165
89.64519,1.68481
7.8521,1.78846
90.7685,47.87872
8.85576,47.72195
84.84734,47.91724
89.46309,2.10945
86.95129,47.47038
6.5655,2.80279
8.55355,47.30063
90.01948,2.9421
5.0406,47.70185
8.70987,47.43774
5.22026,47.77786
4.50222,48.10664
87.10398,2.49752
5.68015,47.91681
83.11414,47.56585
4.30747,48.03918
9.60355,48.04907
89.09459,47.80872
88.19572,48.05903
90.30846,48.36808
85.60602,48.1257
5.37691,2.44292
88.30687,2.48573
7.65764,2.57501
4.93594,2.22969
87.63312,48.14454
5.24351,2.90869
90.69925,47.69932
82.81581,47.96692
10.37063,2.03544
85.18883,1.81423
8.89223,1.58776
89.18751,2.21656
88.17687,47.68197
5.15625,48.19853
87.54774,1.60698
5.33783,2.24183
85.9047,2.4963
88.99906,47.08272
86.01097,47.41667
4.42257,47.63286
6.13619,2.31253
4.30223,47.56601
89.61681,47.81358
86.21724,2.12183
7.88766,1.78171
87.6768,47.27872
87.47079,1.98059
7.88792,2.08523
88.18758,47.83336
6.42521,47.62918
87.58493,47.75645
89.18265,2.43749
11.88576,47.76101
4.67405,47.96614
84.54582,1.86403
5.73678,2.54342
86.78606,2.02921
4.26174,47.8382
83.66167,47.92572
84.70435,47.39144
83.37231,47.91201
89.13355,48.07613
87.77959,47.6894
10.1463,2.41702
6.81581,47.68439
7.89841,1.65095
87.45888,48.05946
83.39466,2.35602
3.66887,47.7117
6.54205,48.55932
86.52365,48.06518
8.04907,48.0435
82.24223,2.60901
8.78861,47.98489
90.71991,47.90527
6.8137,1.90957
6.8519,47.59044
86.49958,47.82325
81.60122,47.03446
10.62422,2.26751
6.65759,47.56646
9.45116,47.45728
87.66093,2.48742
83.70015,47.58695
81.26598,2.9847
4.71362,48.60332
4.88743,2.76366
6.16796,47.34575
10.66523,47.4433
87.56631,48.42276
87.10738,48.11767
4.45746,47.83082
86.329,48.3137
6.28569,1.37403
5.506,47.48843
85.20859,48.32494
6.72412,47.94492
5.32063,47.73036
7.21661,47.00251
82.54552,47.88657
85.03905,47.87455
89.02217,47.41767
89.18401,1.69881
89.95537,47.49604
86.82115,2.40317
10.0034,2.39321
12.65476,2.86264
87.50551,47.58542
5.69186,2.717
4.92529,2.15903
88.02797,47.37321
6.84133,47.81305
4.44974,2.16949
5.36834,1.47776
6.56132,47.89654
6.58241,47.9113
85.54305,47.46731
88.15348,48.1842
83.1058,2.34606
6.35258,2.50486
87.36627,47.72505
84.85676,2.43083
90.04145,2.19625
85.59985,2.167
88.11128,48.66931
3.87969,2.88339
10.24055,47.07883
7.8503,1.96176
82.80886,2.12375
5.11912,2.64994
6.33579,2.05974
89.04158,1.48053
6.46748,47.72025
6.7904,47.84094
87.96139,48.02825
89.76755,1.52179
6.86305,2.13302
5.54766,47.40549
8.74292,48.3014
5.87428,1.7768
81.74001,47.59482
4.79042,48.04288
6.29148,48.43491
85.70468,1.92042
88.28404,47.98963
4.70267,47.29948
4.0951,47.51733
6.8864,47.50352
8.22158,47.07731
82.6463,47.29951
7.34292,48.1734
6.52589,1.93406
89.59931,47.34968
6.455,2.27012
4.77158,48.32045
85.26268,47.79546
88.34513,1.89326
7.39627,2.25223
5.24392,48.73183
9.1478,47.66382
5.59373,47.42281
10.21242,47.56667
86.17952,47.97417
6.57872,1.95645
5.02005,1.50634
88.68323,1.7506
8.17854,1.54776
11.51828,47.79813
87.52795,2.41904
89.97217,2.84689
87.63856,1.97563
83.73007,47.56451
86.71507,2.12582
3.84549,47.61602
3.02525,48.04562
10.80296,47.8923
86.8787,47.76768
87.19132,2.59134
88.65043,2.29596
3.89405,47.59238
7.48752,2.50123
85.86961,2.86315
4.7503,47.03839
4.60078,47.86435
88.16046,2.62775
12.80608,2.54676
91.048,48.04995
89.53949,2.53896
5.72021,47.3749
88.23062,2.66139
4.19216,47.75562
5.738,1.79267
89.78541,47.88849
3.73759,47.28966
7.79306,2.77257
6.59472,2.58306
89.78239,1.91175
6.93302,47.51644
6.21571,47.66881
87.70875,47.78752
6.49052,47.33244
6.2529,47.29697
4.86587,47.58465
6.59616,2.62942
6.98511,2.85006
89.11021,2.03135
6.18937,47.209
91.30453,1.47675
8.11476,47.39198
88.42919,1.90182
11.77511,2.99008
9.35567,1.72632
87.41538,1.9541
8.1584,2.65002
84.49105,2.01175
88.17022,47.73623
8.52982,47.94902
10.98757,2.78758
6.91939,47.75375
88.22345,2.10199
10.51131,2.18453
6.32463,1.98321
4.95813,2.11755
7.0551,1.80318
6.46064,47.1357
86.54464,47.63579
89.1274,47.03712
7.05082,2.2697
83.73039,47.51871
6.16345,47.88479
80.57305,2.70452
4.68319,47.96665
5.35646,47.62849
4.51055,2.91678
85.62306,47.70738
84.58467,2.39521
8.71659,2.16743
85.59186,47.39746
85.59706,47.68016
89.16362,2.85026
4.35216,47.95253
85.32098,1.88478
4.60803,48.01595
88.96915,2.09427
6.48598,48.15966
7.9695,1.80902
86.35186,1.55197
88.48101,47.63314
87.33428,47.60542
5.04787,48.24353
85.35364,47.71435
7.4458,47.84525
86.16767,48.46758
4.89297,2.03076
5.22793,2.48201
88.2948,1.79556
86.22059,2.47723
4.27543,47.13847
7.45277,1.65912
84.29739,47.55827
88.82954,1.79035
88.04441,48.56436
4.17108,2.05912
4.41304,47.27844
6.00124,47.66122
4.20537,2.76969
86.72403,47.99311
3.64565,47.33749
89.84553,2.35598
6.82048,47.83373
5.35988,47.73066
13.85432,2.88976
87.51955,47.71428
84.1581,2.20044
89.08511,1.73803
5.91561,48.44655
5.22317,47.72272
13.00033,47.42517
87.35604,47.71089
7.30676,2.81608
89.83543,2.36047
89.24852,2.10486
84.32111,47.30129
89.09435,48.0408
84.03508,47.67223
88.27206,47.77602
5.03802,48.34126
5.1721,2.11739
90.71495,47.79916
81.59543,47.6267
84.09752,47.28568
10.10069,2.65213
6.76887,47.27206
7.86362,2.82854
5.38643,47.13316
84.53032,47.23121
89.3529,47.11558
88.43732,47.07441
6.02028,1.65666
91.06627,2.75687
88.28595,2.48412
87.19359,47.51839
7.18533,48.0001
92.99547,47.91687
86.33845,1.94785
82.89803,2.88638
86.35879,48.37544
5.02749,2.21155
11.25297,2.98865
84.17363,47.71266
1.83476,48.25063
89.26111,2.54037
6.92273,2.33515
8.43554,2.4571
8.67931,47.89095
87.84419,2.31765
10.48566,47.4667
88.25929,47.10779
84.43839,47.83977
87.45343,47.96652
87.70118,47.52072
3.36002,48.4131
9.67495,2.12946
8.10859,47.05331
2.21267,1.73495
6.10673,47.98931
6.17743,48.22113
5.80966,48.54147
87.0454,47.05316
4.93262,47.40242
6.91345,47.51531
4.55761,2.04588
6.66909,47.81112
86.76072,48.15388
6.16048,2.4171
89.16875,2.04192
3.73844,2.28786
88.70482,2.01827
83.65818,47.05829
87.14497,47.45046
86.68889,47.39912
87.93206,1.87298
8.46937,47.69954
8.13638,47.45735
6.8564,47.28281
6.03639,2.12482
11.88416,47.33603
3.92196,47.59427
6.82181,47.4074
88.77184,47.74384
7.94064,47.76462
8.794,47.16351
5.65274,47.50105
9.86884,47.42099
4.86231,1.74643
89.10339,2.38089
87.9458,2.83422
3.53953,47.6836
5.58822,1.94948
5.40577,47.95848
88.3855,47.96798
89.868,1.4384
85.8811,47.80116
8.65495,2.52152
5.68287,2.20267
5.34592,2.80663
83.6874,47.69283
85.16397,47.07226
89.5786,2.26782
2.55952,47.57994
89.19135,2.97031
7.21695,47.90851
11.51096,2.70511
87.93018,48.00301
8.37254,2.29924
8.95078,47.61004
88.2655,2.30475
11.66364,47.44201
87.14934,1.72939
12.05617,2.24798
88.26632,47.04486
5.04251,47.84281
87.98108,2.32103
7.60734,2.90849
87.75713,2.21275
6.08173,48.28655
5.10378,2.69181
85.00665,47.13754
6.27157,47.80267
88.75588,2.3591
2.99759,47.70587
87.79875,1.88756
6.48111,47.19573
3.84988,47.77745
10.73586,2.44005
86.16601,2.78071
6.46895,47.75254
7.58899,48.60309
5.88666,48.28704
7.9318,47.5508
6.02976,47.15506
6.11207,47.96435
5.31125,2.33558
7.52035,1.49078
3.9322,2.12959
4.59086,47.72742
88.43439,2.11218
89.4109,2.47446
87.74943,2.0771
6.17018,47.64275
87.89646,47.2871
87.37922,48.39385
4.33944,47.83825
6.77032,2.1968
5.16446,1.95638
6.36812,47.81504
88.05725,48.26704
3.72413,47.12158
90.03277,2.37946
86.95863,2.48323
87.80731,2.45252
84.8839,2.80433
88.02612,2.13865
4.16903,47.48296
89.80783,48.35952
5.21713,48.07542
89.47268,47.84392
88.96905,2.73509
89.20301,2.13079
90.53227,2.47601
7.62146,48.32852
88.3568,47.63099
89.2165,1.77704
6.88103,2.45981
87.83153,2.22663
88.049,2.05492
6.46244,47.52191
90.71587,47.81231
90.12813,47.53768
8.70579,2.33164
7.62375,47.8614
90.75596,2.3915
5.49961,47.53223
88.90797,2.00145
89.05705,2.12129
3.92622,47.0615
9.01496,47.30027
88.30505,48.39814
88.5949,2.21136
87.12209,48.23878
90.0398,2.31604
84.49575,47.26895
86.05115,47.96686
87.00447,2.18056
88.70499,47.88504
4.70081,47.37185
87.88542,47.54968
85.11693,2.46641
11.4912,2.66329
84.16292,47.33146
4.05584,1.92659
8.64051,47.75399
9.52817,2.2735
88.53238,2.0472
5.95443,47.66612
84.2153,48.00618
88.29621,47.84007
5.02139,48.03007
7.02511,2.06149
87.86347,1.80201
7.70845,47.79548
81.67333,47.66335
89.66336,47.67627
89.0344,1.97752
5.03067,2.72867
82.96296,47.68097
88.55827,2.2797
89.57299,2.68203
6.54288,47.2238
85.75114,47.7908
7.8195,48.28901
7.27037,47.81708
4.13949,2.11363
87.35941,1.49644
6.38652,48.02177
3.62511,47.71371
8.28828,48.05453
7.51385,47.1825
89.66929,48.21418
11.67995,2.91402
86.84056,47.89986
6.0155,1.79174
2.84556,2.58085
81.7924,47.44134
86.7734,48.10514
5.23395,48.19517
3.87786,47.85924
81.89743,2.77797
83.18427,2.30383
88.24503,47.66864
88.46813,2.8645
88.48754,2.21719
87.57893,47.93129
4.78563,47.72027
89.13851,2.68623
8.00916,47.80723
4.56568,2.34864
87.58239,1.89449
86.58089,2.03392
8.61601,47.91636
8.32419,2.11359
89.23294,1.95646
89.32532,2.0812
88.34546,2.7801
82.50532,2.22332
6.48158,47.24934
88.22787,48.1076
6.13349,1.45725
8.46767,2.20357
88.07475,47.73911
86.73989,47.86881
86.6272,48.51046
90.71863,47.6918
82.13117,2.57344
4.22832,1.42634
82.39907,2.53451
80.96718,47.24179
87.89111,47.86135
84.8156,1.81734
85.58202,2.27082
88.65397,48.29195
6.16094,1.41996
8.04255,2.33347
90.91616,47.80967
89.06059,48.12274
89.11326,48.12547
89.11249,47.87364
8.02707,1.89384
5.53897,47.77669
8.15268,47.20266
8.91471,1.88081
6.07528,47.96958
7.63746,47.45385
7.16741,1.82624
11.93635,47.7656
87.68421,2.13322
9.36729,1.97608
88.19293,2.04478
5.1119,2.17469
6.59334,2.4583
90.59644,47.68637
5.29089,48.20557
88.79018,47.68037
10.27063,47.12584
7.30172,47.62403
5.68133,47.98984
5.34517,1.67831
83.57348,47.58182
88.84896,47.33095
87.07281,47.31966
5.4134,2.66237
87.26078,48.53953
83.91943,48.03497
5.05725,48.01331
4.07775,2.21832
6.37113,2.93689
89.23609,1.95422
3.59551,1.79776
11.03101,47.89353
4.58016,1.58054
86.74316,2.88855
87.10796,2.00995
8.28193,48.11758
10.00017,2.2496
88.20025,47.29467
5.09702,47.37618
6.72507,48.04662
7.36645,1.94542
8.5459,47.74846
87.3653,47.97266
88.88001,2.10077
9.75671,2.10201
89.72704,47.84097
88.78815,1.68767
89.64253,2.26906
3.29065,2.33826
86.81723,1.73357
88.10653,47.99484
5.39371,48.49642
89.57654,1.68062
8.27181,47.60247
87.19704,2.01291
87.65202,47.74552
6.62221,47.19128
5.24547,47.22633
90.3179,48.61493
84.89484,48.24633
86.44073,48.21712
88.487,2.69441
85.69338,48.1682
5.4824,47.91495
10.37962,2.72899
84.49703,1.63747
84.50578,47.08058
89.2092,2.70455
7.97147,2.74083
85.27786,1.5423
84.84145,2.0442
5.06073,2.94259
5.23215,48.29771
89.11997,2.74144
5.98294,2.24892
88.41428,47.87181
88.02268,2.66747
83.65856,48.06636
84.81671,2.4914
89.64921,48.30769
89.61636,47.17616
86.07762,2.43469
10.03287,2.5303
10.36827,48.07079
6.56805,2.26739
9.37951,1.74446
85.99232,2.86097
86.19415,2.4695
3.06793,2.04424
10.29387,47.83767
2.79337,47.30952
4.29742,47.18005
87.90349,48.72749
6.84043,2.26262
86.83408,47.04256
6.71192,47.1828
6.5474,47.20409
86.40509,2.75007
5.79757,1.40303
88.75746,47.20584
13.31724,2.94728
7.13079,47.5889
87.32928,47.37239
8.11323,2.04813
88.16299,47.53608
88.01891,47.26919
6.79392,2.3061
86.73957,47.05054
88.67814,1.92318
5.58079,48.06795
84.73283,47.95856
90.06457,2.91391
89.26317,1.33272
6.07246,47.10203
10.05214,48.00737
3.4305,47.77546
6.00618,1.48512
86.6242,1.98287
88.38692,48.15862
82.79699,47.34572
4.2891,47.90798
87.92673,47.66471
85.28738,48.08345
88.88677,1.84359
84.07059,47.80105
5.31849,47.51474
12.28186,2.33786
7.36061,47.97825
3.91893,47.5892
85.73291,2.55514
5.50991,47.9924
86.50052,47.41279
4.62682,47.35344
6.75006,48.03834
85.68481,47.82639
6.67517,2.50744
7.88381,2.24012
90.54034,2.64151
89.16519,47.99717
5.75165,47.60691
83.89123,47.80509
6.21478,1.89269
5.75307,47.66635
83.11602,47.49602
84.81017,48.22486
6.80657,47.15827
88.20641,2.02029
6.36698,2.70577
88.50084,47.9016
85.92779,47.89961
5.30588,47.83337
6.15184,48.22993
7.37051,47.4998
90.13119,2.70747
88.42998,2.08287
89.33878,48.11822
5.37318,47.41855
6.69476,2.66347
87.85069,2.17479
85.39656,1.90298
89.54245,2.41919
7.32423,47.97337
85.73058,2.66206
7.13409,2.51657
86.49376,47.65974
9.9909,48.02012
9.9909,48.02012
6.27735,47.6036
89.14913,2.11333
91.57559,1.48231
6.88509,47.56484
13.83658,2.96556
4.69149,47.33602
3.2961,2.06123
7.41876,47.90425
88.8506,1.92831
8.95196,2.72017
5.95582,2.35833
11.2499,47.91522
89.36308,47.53143
10.6182,2.49742
4.77025,47.68899
88.72601,1.70016
5.27288,1.78417
89.91644,1.81192
6.75148,1.44733
6.53975,47.917
5.37278,2.0629
5.38046,47.60477
89.27368,2.63771
3.99052,2.70803
84.77269,2.11041
6.36339,47.31121
87.24047,48.64142
5.1997,47.12302
5.51041,2.49313
3.83406,2.17741
4.39463,47.44433
6.23191,2.42229
4.53325,47.15852
6.77164,2.39773
84.35469,48.2834
3.24673,47.27711
7.5228,48.06423
80.60863,47.28144
88.41977,47.58294
87.84516,47.91954
9.01553,47.60512
6.49768,2.06369
87.11733,2.11203
85.75005,48.04623
6.3171,2.09602
6.2088,2.80311
85.98467,2.39382
8.12335,47.8136
89.0003,2.04461
87.20361,47.70978
7.73894,2.61806
90.22645,47.46115
3.50331,47.72479
4.84608,47.38797
12.1283,2.30059
90.31296,48.31184
87.37243,48.02049
88.26864,1.75651
89.58781,48.37155
84.70681,1.84356
10.42284,48.14928
91.25091,2.67019
81.37521,2.90446
86.60172,47.00757
84.60169,2.82946
4.31913,2.29132
87.76274,47.91951
90.64385,2.97531
89.01417,48.41113
90.77064,48.15985
87.19922,2.37305
88.31259,2.14634
3.37106,47.02192
5.19811,1.59673
7.05545,1.64601
7.14508,47.73328
86.25367,2.3173
3.11147,47.36538
87.52576,1.90456
88.61504,2.2582
7.42904,2.51898
10.40623,47.77123
89.915,1.89479
8.49262,2.01141
5.27818,47.14557
88.88301,1.87402
5.85809,47.3558
8.1316,47.44626
87.41336,48.09295
7.22694,2.69434
4.78532,48.44968
8.19202,2.38409
82.36117,2.23834
5.26295,2.45325
7.00182,2.50225
83.10741,2.60745
7.53017,2.40629
10.69569,2.33014
86.57311,48.18702
6.94827,2.32662
4.44675,47.22562
85.36376,47.41695
10.50386,2.35868
8.4956,47.06653
6.1,47.52543
87.43378,2.18827
81.85952,47.11257
87.70585,2.2832
7.00798,48.07672
90.44579,47.50336
85.93448,48.08076
87.9693,47.6611
4.41004,48.08985
86.89242,2.71433
86.81707,2.16664
88.74616,47.89443
89.70569,2.89703
5.43681,47.27354
87.83877,48.10219
85.75105,47.73863
87.65341,47.74074
91.11273,2.05079
89.16529,1.76594
86.72456,2.09223
7.37569,1.9699
4.2439,47.26358
7.29609,2.35526
84.09743,47.76967
9.33896,47.76865
4.85212,48.1481
88.86719,1.45036
5.30845,2.03572
87.47564,2.3823
6.87065,48.05025
6.26448,48.13901
89.45754,1.35348
6.40136,47.79309
83.07896,2.26509
4.98072,2.06093
86.53666,47.14483
3.03487,2.13475
10.06794,47.74218
9.23527,47.56863
88.24893,47.84782
88.30771,47.6497
13.328,47.17639
89.38907,2.10427
87.16531,47.42045
88.82389,48.50172
4.32047,48.09456
7.11044,2.38694
86.86116,47.59559
88.96559,2.17186
82.55238,2.4051
5.60221,2.56829
88.87454,2.04696
85.43445,48.06287
3.96957,47.46587
88.3901,2.45643
9.43304,47.70063
8.92559,1.69985
89.65372,48.52484
84.69548,2.05394
84.0929,2.55473
8.41573,2.37059
87.24168,47.41469
6.44977,2.56933
85.0879,1.89897
11.21462,47.37464
90.40292,2.1016
9.59827,2.70533
85.20909,1.6724
5.57728,48.14905
85.27351,47.466
10.03202,47.78751
86.27782,48.22016
9.8018,2.29721
81.00917,47.13605
6.69522,2.38993
88.95904,2.42427
88.35006,2.34175
5.67129,48.3752
5.06035,2.59668
87.15216,2.23571
90.96391,48.20917
6.79595,2.67347
8.93414,47.90265
90.85997,47.54187
87.782,2.46391
89.41174,47.9606
84.38259,47.75755
88.27491,2.05763
7.53428,47.44195
91.98521,47.90675
82.12362,2.24663
4.88053,1.88062
6.24095,48.29303
88.77075,47.8618
88.7992,2.45914
84.88297,47.10856
5.27747,47.28217
4.75914,1.94326
88.40547,47.8625
89.23701,47.81982
89.30515,47.93299
4.17241,48.26922
3.07624,2.41439
84.54541,2.78046
90.48984,2.05979
85.67292,47.1604
90.5212,2.14518
5.8921,47.94744
87.74207,1.77474
88.51589,1.70782
4.77023,48.30003
87.60247,2.16299
5.61531,47.05769
87.49882,2.72977
5.47671,47.42552
7.80898,2.25863
88.5451,2.20935
5.27093,47.42087
8.72843,2.87521
9.13226,47.56155
86.29877,47.98311
6.11966,48.45997
5.27128,47.55946
82.97758,47.84208
80.86802,47.11806
7.79037,47.04699
5.29065,47.22568
84.30954,2.09671
4.61876,1.84828
86.85247,1.72181
3.85838,2.52367
89.84518,2.88693
8.52363,2.22039
83.15162,47.9602
89.08334,2.77741
85.32035,2.33299
84.56816,47.03241
5.27527,2.62903
11.69123,2.69623
85.84598,48.22228
8.73828,47.80883
8.71201,47.68824
83.83395,47.26506
6.13225,47.93812
84.2743,48.02235
8.85198,2.34261
87.61788,1.74428
86.47091,2.23619
88.98522,47.80203
86.99232,48.18876
86.81442,47.62893
87.92328,47.32334
89.47881,2.5074
8.08814,47.72667
6.66765,2.816
88.42168,2.0923
6.58062,48.51992
8.15962,1.82255
89.80448,47.73314
5.83665,1.77242
9.52935,1.95285
9.51307,47.94458
7.0697,47.67721
85.28416,48.09417
3.50898,47.25303
3.31535,2.66171
6.91166,47.7024
83.12148,2.17585
84.94716,1.72675
13.19055,2.71615
3.23338,47.42478
89.05586,48.04125
89.29908,2.19468
7.33323,47.88853
89.76968,47.78613
9.24422,48.20516
7.69809,47.92145
84.19804,48.17839
89.28975,2.48333
3.4797,47.08933
4.37838,1.98244
87.84007,1.99845
86.82155,47.82468
6.93222,2.23267
9.96895,2.42211
3.22999,47.94848
83.216,2.5545
84.70391,2.76893
87.19186,2.14083
84.5088,47.41273
88.92112,2.41468
91.04435,2.16349
88.6163,47.47081
82.61223,47.19941
88.48716,48.417
88.11794,1.82954
88.11774,1.80652
87.4095,1.78881
89.15103,1.73757
85.43512,48.46911
86.1503,48.19633
7.21867,48.5958
86.82131,1.81905
90.12096,47.85038
91.78172,48.54067
10.79156,47.86877
83.20543,2.13029
90.45285,2.58262
6.71764,1.81776
84.80228,2.32538
86.95404,48.33705
86.81795,47.82658
6.0339,2.3017
84.89523,1.78328
7.76158,2.04713
8.36826,2.64231
4.26462,47.81178
3.4013,47.5847
9.99667,2.52714
83.7884,2.57831
2.6857,2.50368
4.73481,2.74051
4.73481,2.74051
85.7013,47.27875
5.42604,2.33237
3.40972,2.58908
88.6319,47.79925
84.82526,2.63765
4.52057,47.78755
87.10019,2.14316
89.02206,47.38374
6.66171,1.61933
84.49988,47.9868
5.24473,47.48749
2.80007,48.05366
89.07135,2.1032
10.48841,2.79947
6.83362,2.03501
9.90942,2.4451
84.3752,47.79899
5.79445,2.23165
8.10873,2.87869
9.51432,47.30617
3.62542,47.00266
6.1533,48.025
86.58112,1.84844
9.72838,47.68758
85.66904,47.64236
10.06873,1.88852
86.27925,2.46496
7.26143,47.78606
6.68622,47.83001
4.98917,1.65232
86.58667,48.13889
5.36996,47.77245
87.43707,47.18957
6.24642,47.90272
9.1495,2.87008
82.07342,2.92518
92.32336,2.98516
86.40254,48.51138
89.81831,1.94983
3.74974,47.631
90.4744,1.54947
83.9521,48.16782
85.5406,2.42759
11.39613,2.56214
86.00703,1.73665
84.86635,47.60918
89.17359,2.78153
86.92331,47.58151
6.22339,47.62065
88.30643,47.43206
90.0752,2.46887
85.76382,1.89044
6.21153,2.4909
8.4928,47.95273
6.48145,2.36555
90.74584,2.06772
89.89934,48.51518
87.02354,47.1986
10.67833,2.22624
4.44474,47.11074
84.15999,2.42066
88.18247,2.52952
89.04004,2.98064
5.29138,1.76409
89.04756,2.01987
87.932,2.95681
11.85017,2.80468
85.19825,1.67415
87.03767,47.073
87.07331,1.83375
5.81167,47.92489
86.84595,2.12973
87.33624,48.12054
6.03584,47.85536
90.35213,2.47028
87.82526,47.83894
6.77324,2.25462
4.09255,47.93106
5.23518,47.92794
3.4126,1.87371
8.25028,2.55522
7.86662,2.39429
91.12296,47.78352
88.04136,2.09493
89.15323,2.319
9.91937,47.42797
3.13911,47.13636
5.21798,2.88571
91.41188,2.50428
6.52406,1.99976
6.41658,2.19302
5.61562,48.1828
87.40077,47.11988
7.70108,47.21013
88.73054,2.70219
5.88737,47.83104
5.11802,2.9835
4.33172,2.62714
90.4854,47.03568
85.0109,2.08593
8.25528,1.95797
5.69756,47.71138
7.86938,47.8244
9.13548,2.32164
5.40262,2.18547
89.63954,2.39641
4.31408,1.83682
90.29894,48.04825
6.45237,2.78266
6.11654,2.41546
3.59639,2.30269
5.43412,47.46094
88.88674,47.40633
89.84154,1.84917
8.75835,2.12893
87.49418,48.20408
87.96387,48.30724
88.42392,47.64051
5.78424,47.58926
89.01313,47.02056
7.54852,2.75492
88.90134,47.81738
6.99117,1.39492
5.70679,1.6508
7.05967,2.21966
6.59289,1.60931
7.83303,2.36048
87.85414,47.73569
8.37372,47.58779
85.98719,1.84433
87.17203,1.64263
5.2827,47.63553
11.18446,47.55238
5.13278,47.7929
86.15401,47.12898
5.60655,47.05948
5.42885,47.67139
6.05323,47.05902
85.67938,48.16408
9.64043,2.4389
91.8346,2.85126
7.43215,47.48557
6.21375,47.53917
84.19591,2.29486
86.4367,47.43925
5.78398,2.14589
6.26387,1.43054
4.68908,47.35209
90.21104,47.08915
2.92892,1.81952
85.07092,2.20538
87.57666,2.07523
88.94862,2.10069
84.25879,2.03722
86.08615,1.94171
5.96436,47.72542
6.32713,2.38092
86.556,2.885
8.73086,47.45144
4.23731,48.08839
7.8423,1.99841
7.97157,2.62227
5.08037,2.80672
88.79198,2.48287
81.66483,47.6448
6.19058,47.62442
5.34585,1.95886
89.66333,2.49447
86.99059,2.63335
87.53139,2.25084
13.86466,47.0185
85.76475,1.92406
7.05854,2.15358
8.87834,1.80181
5.49075,2.43318
4.60726,47.33741
87.48802,48.06544
82.33271,2.90764
10.48142,2.3714
9.24327,47.12117
81.60925,47.41643
86.03382,47.35935
6.0416,2.08864
89.10594,47.52375
87.96639,47.07371
89.82249,48.23539
4.15797,47.75772
3.94343,2.55024
4.22901,47.19075
6.18296,47.77586
11.44443,47.50306
9.19976,48.24913
4.06582,2.91221
5.38288,47.70291
13.40876,2.92275
5.69472,47.89371
90.25712,2.5273
87.79122,1.8304
87.60528,48.20116
87.46921,1.91721
7.5277,2.89459
8.79712,2.16365
8.89512,48.07184
81.8462,2.44482
10.30388,47.39767
5.32837,2.24158
86.49094,2.27884
4.92964,2.50525
85.18888,47.94618
7.60636,2.73995
88.51524,2.75266
86.20761,47.58812
86.10336,47.82647
7.6768,47.74006
88.33724,47.82618
87.89123,47.52543
6.4072,47.60853
4.3482,48.24138
2.7568,47.49281
7.38647,1.64445
88.34934,2.18806
85.93752,47.29595
89.17192,2.89171
10.73958,2.28476
87.77865,2.12623
87.3487,47.72865
86.61526,47.55012
89.2452,2.33695
5.01936,47.52017
6.5937,1.96353
89.44355,2.01517
89.94445,1.60864
82.27243,47.26046
90.43209,2.0742
87.56571,48.27214
4.71496,47.74796
86.73304,47.49182
4.11485,48.17756
88.15408,2.77202
6.25112,2.15631
88.62191,2.25002
87.14588,2.39568
85.32753,2.16871
84.15909,47.55176
6.29709,1.81276
88.14116,2.22767
90.87083,48.49925
6.89148,47.69108
4.71195,47.23136
5.11906,2.72339
85.863,2.06315
83.96004,47.84699
8.17466,2.23638
13.91258,47.07185
4.38222,47.79258
87.01843,47.49137
4.06233,47.04559
91.94768,48.20723
90.07004,47.92916
9.95585,47.75903
86.1255,2.22647
10.30874,47.4656
6.78152,2.08243
10.18633,47.87939
84.86,47.48794
5.40951,2.66445
5.21275,2.14846
5.4636,2.1481
88.35309,47.88035
88.1449,47.85103
91.44398,47.57192
89.85695,47.68877
3.97782,48.12186
87.919,48.01323
10.74176,2.69914
83.66636,47.65089
6.30512,47.01057
86.26121,2.48583
88.88957,2.91366
89.03254,2.73343
87.35414,2.53065
5.5927,2.77928
83.78502,2.01083
5.41294,47.80434
8.76312,1.97802
6.02711,2.11346
83.39077,47.67322
87.52948,47.96942
87.8846,2.85879
86.83626,2.06138
87.54411,47.75346
88.9196,48.20087
90.27909,1.62556
8.4254,1.82705
88.66292,1.66961
11.42454,2.62258
87.11612,47.25996
5.98534,2.59381
88.13465,48.10523
87.41346,2.30607
88.29037,47.99584
9.27368,2.22081
10.03023,47.72149
7.19084,2.45005
85.08245,48.11524
85.96538,47.42098
88.74204,2.4479
7.33412,48.34512
9.01248,1.90209
87.88469,2.20649
87.57186,47.62909
86.71457,47.95837
87.41675,47.76974
8.2878,48.15601
12.08061,47.60566
91.22038,2.59397
5.30899,2.64881
85.34835,48.1701
89.03026,2.47917
10.86858,47.84364
8.65827,2.42129
4.83254,2.76448
10.51836,1.98745
9.90018,47.65716
85.97964,48.00564
85.52663,2.38536
87.28975,2.19734
9.40274,47.74855
86.89721,2.50342
9.0511,47.7825
9.33526,2.652
87.56114,2.27283
7.61566,1.91198
11.20494,2.34218
86.52202,47.71768
6.36411,1.99407
6.3346,1.95453
86.7302,47.78524
5.31424,47.21924
8.1346,1.79299
6.62947,1.61689
5.6102,47.71779
85.5417,2.54359
89.49254,1.9693
89.30747,47.4804
4.40741,48.10629
86.6084,47.52583
84.38571,1.79355
7.32706,47.70631
7.08662,2.60896
5.23632,2.53039
87.22463,2.41765
6.69369,1.91418
6.45763,47.4574
84.71676,48.00568
11.16327,2.26121
82.42912,2.22129
3.60363,47.99989
5.42885,47.32222
5.93303,47.96385
6.87449,47.32423
5.09344,48.19157
90.2169,2.90123
3.95178,47.35645
85.40702,2.41247
6.06494,2.44529
83.14365,47.32753
4.03043,47.83318
7.97906,2.91394
11.5288,47.43958
4.5627,47.2794
86.33234,1.5742
87.05884,2.41856
6.4501,47.73896
88.71714,2.32328
7.53378,2.56392
89.95233,1.48085
89.99884,2.21566
89.31274,2.2068
10.98949,2.80076
4.98438,47.76024
7.07651,2.05257
83.42149,47.61448
4.80869,47.47438
85.66354,2.35058
89.65927,2.56363
87.88033,2.62847
87.88033,2.62847
4.78334,47.74049
87.29868,47.9258
4.72136,2.86352
6.06743,47.74483
81.5874,2.95431
88.95941,2.50361
87.30111,47.82457
7.06102,48.2487
86.28515,47.95786
88.90002,2.01518
83.86573,47.7848
86.93996,2.69033
88.84434,47.78939
88.29936,47.59173
84.70687,2.30385
88.34901,48.41735
88.03041,2.57478
89.33638,1.72399
86.19376,2.51024
5.84247,1.30159
90.30314,2.06788
7.50572,1.59784
88.66779,47.69538
6.94446,47.98658
82.10201,47.38882
7.11762,48.11877
3.76598,47.85999
87.12626,2.41615
9.64637,2.8204
87.16862,47.57479
84.48031,2.13448
6.90422,2.25561
84.29516,47.79492
87.6078,2.44801
10.05008,2.02134
9.06755,47.99055
84.3807,47.46427
83.32409,2.18917
89.90806,47.80576
6.87694,2.63849
8.29666,47.69306
91.23442,2.43637
9.69167,2.28967
3.71558,48.15039
81.4784,47.23846
88.1121,2.54531
9.83376,2.66191
8.89265,47.68428
88.10262,47.92317
4.93239,47.75976
83.17832,2.17994
86.58675,47.48786
6.71365,1.9006
89.05668,47.40303
4.85033,47.49061
9.60784,1.93782
5.03643,47.75786
4.85486,48.08342
7.75771,2.20125
87.56729,47.80094
89.24678,47.57272
88.15874,1.3286
8.98184,2.56619
5.81173,2.05719
4.49042,47.54716
6.32829,2.24203
85.29774,2.04981
90.69687,47.60603
81.86204,2.30511
6.04624,47.41474
5.12639,2.02845
8.85002,48.14726
87.67622,1.99661
85.10356,47.47444
85.56727,47.77059
8.47466,2.33764
90.27865,2.07317
9.96897,47.88316
5.98569,48.28438
8.99912,47.86588
7.6604,47.67091
88.97262,48.39067
5.72465,47.61254
86.84362,48.47509
87.36847,2.71613
11.66295,2.13992
87.16372,47.05336
88.40699,1.71843
87.10549,1.73134
88.80797,48.16707
89.37999,2.8827
89.41943,2.5799
5.49486,48.40254
5.54061,47.11481
5.85359,47.7723
89.78967,48.3537
5.78774,2.18776
83.66754,2.37493
88.55492,2.81429
88.02711,47.34646
87.67962,47.25168
87.14466,47.99821
4.25335,2.96607
1.81715,48.40246
88.422,2.12928
7.81497,48.27313
7.61861,47.1884
87.11874,47.74111
8.24512,48.27298
86.01126,2.0992
86.74361,2.17544
4.87175,2.65654
5.60555,47.69614
5.854,47.79208
8.65737,47.99995
11.15987,47.86016
6.68685,47.91497
89.0039,2.84023
84.93803,1.89357
3.16849,47.66472
88.36507,1.95662
89.94986,48.22217
86.81798,47.94952
4.9034,47.61518
89.87379,2.53255
87.37717,47.61369
10.59708,47.09872
5.71433,2.26421
86.25057,2.43338
89.57213,2.02127
7.22711,2.85024
86.10372,2.01506
2.07936,2.31692
84.83569,47.75823
83.81758,2.06152
87.65445,2.30952
6.3713,47.67736
4.98809,47.87111
7.12774,2.8534
7.78847,2.41541
5.71056,1.8963
7.11505,47.67706
89.80106,2.2076
89.07653,2.31238
88.00411,2.25603
86.02821,2.08288
7.73519,2.13065
87.89726,2.09002
5.96063,47.83243
9.51178,47.72109
7.76792,2.50756
85.78258,2.68884
90.93988,47.92227
7.79819,2.09286
5.43882,2.75995
87.36678,47.57842
6.46894,2.42968
6.9521,1.34781
91.42204,2.39931
5.996,47.82615
81.96461,2.24559
8.15591,1.66051
87.4422,2.58235
5.41465,47.79369
87.26033,2.18817
87.28695,2.12737
88.4695,48.132
87.42117,2.88044
81.11788,47.08135
90.21742,2.99129
3.60158,48.04013
2.90467,48.06422
80.98043,2.67993
83.93722,2.41154
83.93722,2.41154
86.85901,47.98941
89.9249,47.50048
8.40328,47.73079
8.03682,2.09653
4.70116,47.87634
5.70234,2.45116
85.24383,1.76617
5.13001,47.12908
5.34955,1.70899
85.10295,1.84585
7.49068,2.73396
88.592,47.11906
86.8211,47.79406
88.50096,2.06326
5.83068,48.25514
3.49625,47.66851
87.82319,2.60771
84.92684,2.12889
88.66487,1.96456
87.99296,2.56428
81.73372,47.37268
87.01307,47.6933
5.33363,47.79776
86.48485,2.20503
8.6804,47.48943
8.03606,47.38082
11.65557,47.40944
5.39145,48.04254
88.95619,2.02423
6.25497,47.73531
88.30748,1.55427
6.79338,1.64709
85.46164,1.58535
6.81649,2.09633
6.36412,47.45122
87.25568,47.08141
86.74333,2.00284
10.71575,47.44932
87.79062,48.34556
87.2572,47.39983
87.89198,47.5935
11.32263,2.27999
81.28055,2.55227
4.87312,2.31345
6.28028,1.9099
11.68648,47.7272
7.38922,47.88863
7.32637,48.00019
5.83253,2.2816
86.33693,2.14373
87.90179,47.03654
88.25463,47.90707
4.69196,1.90698
7.15244,2.85647
6.5144,47.58626
8.31478,2.44142
84.73641,47.89688
91.22373,2.41861
5.16147,2.31476
6.83647,1.65103
88.96077,47.25658
5.50119,47.68814
7.77187,2.00305
8.37212,2.3409
88.95539,47.7845
5.31946,48.51212
87.40076,48.31504
4.62008,47.25683
89.95614,2.44981
86.35839,1.80037
6.79377,47.86266
6.23352,47.8704
83.03309,2.21595
8.24678,48.04238
8.95203,47.86144
8.91934,47.61736
8.38337,2.00489
85.71569,2.63851
91.88593,1.9731
9.07463,2.18817
9.13144,2.67611
3.32359,47.86327
2.39051,1.81684
90.18488,2.50109
5.70368,47.14845
4.85613,1.33631
86.68718,1.6818
89.92291,1.48421
8.47824,2.15527
3.28664,47.20461
5.11278,2.39568
11.26227,2.73906
88.61195,2.38506
88.61195,2.38506
88.96595,48.12159
6.06881,1.78537
90.0047,2.34295
89.98949,2.30047
11.29567,2.47618
83.12648,2.05059
88.93341,1.91986
88.12639,2.40186
90.46035,2.71435
83.92968,48.00051
87.25097,48.42177
88.81724,2.44857
5.35834,48.65582
4.64662,47.92959
7.09495,2.30978
8.90801,47.74115
88.47259,48.10397
3.43382,48.0746
89.12978,2.00027
87.0793,48.10808
85.46264,47.80356
4.42817,2.09566
86.82384,47.63591
3.45335,47.87015
88.98924,1.69969
86.48063,48.21939
86.78365,1.70122
85.29554,48.13261
88.28797,1.63061
84.25365,2.13732
85.36931,47.17781
11.66003,2.44173
88.15489,47.48824
3.71947,47.39846
3.58193,48.00805
5.46927,47.04163
90.61068,2.62004
90.61068,2.62004
7.23498,1.87156
86.73356,1.76182
10.40069,47.68315
4.08967,47.54302
8.31708,48.06717
