strategy,substitutes,outside_correct_boundary,fraction
near_k000,18975,296,0.015599472990777338
near_k050,18954,296,0.015616756357497099
near_k075,18820,327,0.017375132837407013
near_k100,16433,1066,0.0648694699689649
best_q100_l000,18975,9,0.0004743083003952569
best_q095_l000,18975,33,0.0017391304347826088
best_q090_l000,18975,61,0.0032147562582345193
best_q100_l025,18975,42,0.0022134387351778655
best_q095_l025,18975,94,0.004953886693017127
best_q090_l025,18975,107,0.005638998682476943
best_q100_l050,18975,171,0.009011857707509882
best_q095_l050,18975,141,0.007430830039525692
best_q090_l050,18975,177,0.009328063241106719
