strategy,league_dep_share,median_player_dep_share,spearman_vs_3pa_rate,reliability,tau,median_ci_width,spearman_vs_naive,degenerate
naive,0.0356495197536649,0.04146493710988585,0.7025523976512852,0.9217311624487108,0.031425689237855506,0.02921483882610361,1.0,False
near_k000,0.08829951035125855,0.11001798191023279,0.9812438084823242,0.9402317425896393,0.046787826147611865,0.039647356532239365,0.786416202397318,True
near_k050,0.08779227986521661,0.10930645637000444,0.9791271610396355,0.9399601760135787,0.04667683959028609,0.039854877436132016,0.7895889105949884,True
near_k075,0.08607784436345851,0.10832001894029018,0.9732559590817431,0.9385090039222039,0.04618844048280182,0.040082113917217374,0.7962484624846249,True
near_k100,0.07574699961682026,0.0933524907803159,0.9476650553899506,0.9341068597465279,0.042366222857409534,0.0377164930857197,0.840181004751224,False
best_q100_l000,0.05487045618002632,0.0686547436024841,0.9492818592975336,0.913109709322884,0.029077070003541407,0.02958790077090999,0.783441863830403,False
best_q095_l000,0.0651833360834819,0.08164024038961538,0.9627776347453905,0.9265436006076261,0.034502170542791914,0.03244078102163597,0.7877830837131902,True
best_q090_l000,0.06873068379263073,0.08657532281436861,0.9665225420994825,0.9298577211459781,0.03638561076756912,0.0333249888604536,0.7884421050092854,True
best_q100_l025,0.065621507702004,0.0823178418899999,0.9647450526646308,0.9262547841891299,0.03446329919512957,0.03239928732150275,0.7860707136483129,True
best_q095_l025,0.07342814540091301,0.09178756049095245,0.9719370112734875,0.9323581977388341,0.03863466340123084,0.03480083235749809,0.7857402985794564,True
best_q090_l025,0.07625457528881795,0.09489904221669594,0.9742273076161888,0.934174337286707,0.040156874670990626,0.03559316812577289,0.7851096158020404,True
best_q100_l050,0.07233774361506566,0.08944502489011112,0.9693458440936114,0.9308311600304159,0.03790185527419926,0.03484783894222036,0.7848587897643683,True
best_q095_l050,0.07930045556087137,0.0991778194915208,0.9757943683492889,0.9349647950945654,0.04163534145266575,0.036974473030984764,0.7845760075247812,True
best_q090_l050,0.08188874257268249,0.10228374345678187,0.9777684186917935,0.936029418403478,0.0429324753445138,0.0377371012217915,0.7842172539372453,True
