strategy,n_3pa,n_substituted,fallback_rate,median_displacement,p90_displacement,support_rejection_rate,no_candidate_rate,mean_candidates_per_shot
near_k000,24306,23473,0.034271373323459225,1.4020175759953928,3.7090550456919065,0.0,0.034271373323459225,1041.9777832633918
near_k050,24306,23391,0.037645025919526044,1.397899977573505,3.724611893727983,0.0,0.034271373323459225,1041.9777832633918
near_k075,24306,22982,0.054472146795030034,1.37983528280009,4.229686125528151,0.0,0.034271373323459225,1041.9777832633918
near_k100,24306,18980,0.21912285032502263,3.024822885601022,6.330019489806466,0.0,0.034271373323459225,1041.9777832633918
best_q100_l000,24306,23473,0.034271373323459225,7.845126412238365,7.977995728151263,0.0,0.034271373323459225,1041.9777832633918
best_q095_l000,24306,23473,0.034271373323459225,7.392667019722992,7.9463548136565105,0.0,0.034271373323459225,1041.9777832633918
best_q090_l000,24306,23473,0.034271373323459225,7.17888059297548,7.9364716823319865,0.0,0.034271373323459225,1041.9777832633918
best_q100_l025,24306,23473,0.034271373323459225,7.758227141737988,7.969465118210482,0.0,0.034271373323459225,1041.9777832633918
best_q095_l025,24306,23473,0.034271373323459225,7.132343653372292,7.937031185172193,0.0,0.034271373323459225,1041.9777832633918
best_q090_l025,24306,23473,0.034271373323459225,6.8972581069436565,7.926297549822468,0.0,0.034271373323459225,1041.9777832633918
best_q100_l050,24306,23473,0.034271373323459225,7.371456164015357,7.95312076695287,0.0,0.034271373323459225,1041.9777832633918
best_q095_l050,24306,23473,0.034271373323459225,6.609342234095621,7.918693023833138,0.0,0.034271373323459225,1041.9777832633918
best_q090_l050,24306,23473,0.034271373323459225,6.429419251689845,7.912490833582605,0.0,0.034271373323459225,1041.9777832633918
