label,seed,n_games,n_shots,n_players,n_qualified,auc,brier,skill_score,reliability,tau,spearman_vs_3pa_rate,fraction_excluding_zero,pairwise_resolvability,median_rank_span_pct,topk_overlap
50 games,0,50,8338,360,28,0.6240390425882281,0.23172211951606228,0.06276648029094656,0.8036491088692711,0.03924773897521758,-0.03805091848020094,0.5714285714285714,0.2857142857142857,44.642857142857146,0.8243000000000001
50 games,1,50,8474,376,28,0.628569988715482,0.22962144090944145,0.06896025444686937,0.6527678035680127,0.027399290439204558,0.008759923678895179,0.2857142857142857,0.1349206349206349,62.5,0.7915
50 games,2,50,8351,372,35,0.6286781319817207,0.22990294355832372,0.06799472559860986,0.735277435511635,0.029031313428690655,0.31822956867730745,0.5714285714285714,0.17983193277310924,51.42857142857143,0.7797000000000001
150 games,0,150,24988,430,160,0.632689257948934,0.22861466568383598,0.07449441383030786,0.8222953848496672,0.02860748151355441,0.48507661105779193,0.63125,0.2679245283018868,42.5,0.6804999999999999
150 games,1,150,25026,425,161,0.6393300489258833,0.22853868792146537,0.07768488750702507,0.8105711594344599,0.03139982061209675,0.5474579122859005,0.7329192546583851,0.26296583850931676,41.61490683229814,0.7028999999999999
150 games,2,150,24972,429,151,0.63538126835688,0.22821921053085226,0.07719652184495351,0.8337315827640744,0.029890022001348143,0.4133434065987021,0.6158940397350994,0.2745253863134658,40.397350993377486,0.7936000000000001
300 games,0,300,50164,440,227,0.6375156101086041,0.22749756821532416,0.07946084306147638,0.8868998507194887,0.03163127340434286,0.5641917401236415,0.8105726872246696,0.3801801099372344,34.36123348017621,0.7585
300 games,1,300,50105,435,228,0.6354536493852306,0.2281047057416866,0.07820619926289951,0.8925516651551163,0.03109955446761479,0.6545509955744327,0.8070175438596491,0.4103099157585594,31.57894736842105,0.7511
300 games,2,300,50131,437,235,0.6367468390977928,0.22799219003763543,0.07837640434848958,0.8945341800168338,0.03457988924103594,0.654590931528613,0.8382978723404255,0.4090198217857792,31.48936170212766,0.8126000000000001
531 games (full),0,531,88694,445,271,0.6390818011956587,0.22737214350547927,0.0805192066773529,0.92141493132996,0.03142029795144278,0.7025523976512852,0.8892988929889298,0.4865381987153205,26.937269372693727,0.8054000000000001
