player_id,rank_point,rank_ci_lower,rank_ci_upper,rank_span,dep_share
201627,1,1,10,10,0.1507098222926093
202335,2,1,8,8,0.1478774380484049
1891,3,1,10,10,0.1468492510010801
202337,4,1,18,18,0.1351061144745153
2592,5,1,18,18,0.1349321412592472
1718,6,2,15,14,0.1303157902990978
2594,7,4,15,12,0.1258023674862834
203138,8,3,17,15,0.1255496435180192
204060,9,3,18,16,0.1256323441314041
203584,10,1,36,36,0.126349620270771
201162,11,6,19,14,0.1177204030102434
201575,12,4,22,19,0.1171256364466545
1626154,13,2,55,54,0.1160853258558109
2756,14,3,35,33,0.1134494024312273
203503,15,7,30,24,0.1088415856648847
201564,16,9,34,26,0.1043096973816176
203521,17,11,32,22,0.1032015564768665
201156,18,11,52,42,0.0968626588276184
202325,19,14,43,30,0.0957399378960643
201573,20,12,58,47,0.0947913449082935
203894,21,9,76,68,0.0951811571601059
201980,22,14,49,36,0.0932452978119295
201571,23,11,78,68,0.0928634057770579
101107,24,16,44,29,0.0919454612046473
2550,25,8,106,99,0.0908892379794881
2581,26,9,102,94,0.0903287448472152
2400,27,11,95,85,0.0892790364336882
200755,28,17,49,33,0.0900666913570557
200782,29,15,67,53,0.0888052998092148
101181,30,16,61,46,0.0890256845448451
202083,31,19,58,40,0.0855944427105935
2207,32,20,73,54,0.0838143196597956
203082,33,19,73,55,0.0834886459944933
201229,34,21,75,55,0.0811056129710223
2749,35,21,80,60,0.0812338936469486
203086,36,21,75,55,0.081544856346138
2747,37,24,74,51,0.0797311842986061
203123,38,16,125,110,0.0792018078767637
101112,39,21,97,77,0.0783247195548392
200751,40,23,89,67,0.0780662498898794
201976,41,22,102,81,0.0773200891677248
201973,42,21,99,79,0.0767045339851732
977,43,30,78,49,0.075461052201396
202691,44,32,74,43,0.0755246046471066
1626173,45,18,120,103,0.0750558630832813
201967,46,23,104,82,0.0752539827717923
2446,47,14,169,156,0.0730946707061313
203926,48,25,106,82,0.07333495554059
1717,49,34,86,53,0.072915833920046
201945,50,25,114,90,0.0720996737401455
201583,51,34,95,62,0.071969437678534
201937,52,30,100,71,0.0719284434217886
203918,53,35,94,60,0.0710699733970403
202390,54,30,104,75,0.0710676709095352
203141,55,35,95,61,0.0707554531065021
201988,56,32,104,73,0.0707058081931798
203490,57,35,99,65,0.0705455784322012
202697,58,25,121,97,0.0703348668187429
101141,59,38,93,56,0.0705773987116035
1626209,60,26,123,98,0.0700361248063333
203526,61,29,109,81,0.0695365055379847
203094,62,29,113,85,0.068795046236874
201567,63,40,94,55,0.0692635924175062
203459,64,34,106,73,0.0687828105728229
201584,65,34,109,76,0.068829923915265
204456,66,26,123,98,0.0685340947668083
203078,67,34,112,79,0.0683286751898594
2772,68,39,105,67,0.0675221595410002
203477,69,33,116,84,0.0674015302717197
203940,70,19,175,157,0.0672388235112833
201961,71,32,120,89,0.0665517383343743
201951,72,30,128,99,0.0671659206265892
203504,73,40,112,73,0.0661624295607447
2736,74,38,114,77,0.0661340784150235
201977,75,39,116,78,0.0654467204886773
2743,76,38,118,81,0.0653319890269152
201960,77,39,122,84,0.064360727277024
202329,78,45,110,66,0.0644733021794561
204038,79,36,123,88,0.0648115004760624
2590,80,35,126,92,0.0648786737846983
203935,81,32,138,107,0.0640710817388034
2571,82,37,130,94,0.0634237500163988
202711,83,43,122,80,0.0633352445852562
2547,84,56,112,57,0.0617658887729202
201569,85,55,113,59,0.0616229536549446
202498,86,46,127,82,0.0610482734614601
202349,87,34,144,111,0.0617556173028317
203546,88,35,148,114,0.0609420795540864
101123,89,43,132,90,0.0605275279949117
203934,90,29,191,163,0.0604330566422641
203114,91,53,121,69,0.0606293928807149
201167,92,55,121,67,0.0604663808470967
203468,93,61,117,57,0.0597892364642625
1626159,94,50,128,79,0.059089424403609
202066,95,54,130,77,0.0590822937276327
101139,96,63,125,63,0.0587473685830977
202700,97,26,191,166,0.0586298155583368
1626156,98,63,127,65,0.0578117379711548
202340,99,67,123,57,0.0575257042832879
203095,100,63,127,65,0.0573203591462222
201587,101,58,135,78,0.0571640502197419
201158,102,51,144,94,0.0567196863864887
200826,103,57,147,91,0.0557829934565129
201588,104,57,139,83,0.0554465701032075
101111,105,60,142,83,0.0553548697353922
203084,106,69,137,69,0.0544783313748993
101150,107,72,138,67,0.0538302898751191
1626148,108,28,216,189,0.0534537252494749
101114,109,69,145,77,0.0530594145369893
202330,110,81,133,53,0.052733775805292
203527,111,33,206,174,0.0528122315442785
202694,112,71,145,75,0.0520919912097076
101127,113,65,160,96,0.0513027015136701
203484,114,84,155,72,0.0497689211980335
201166,115,50,197,148,0.0492548180470187
203937,116,40,212,173,0.0492090301447246
202708,117,70,171,102,0.0488717919756168
1626166,118,42,227,186,0.0482595300784226
201596,119,73,172,100,0.0485470028644686
202713,120,53,202,150,0.0487010897972774
203499,121,86,159,74,0.0475244176641594
201144,122,92,160,69,0.0471597171383566
203079,123,85,183,99,0.0449292261873093
201150,124,89,177,89,0.0451657160130921
1713,125,67,228,162,0.0441893560350733
101109,126,92,184,93,0.0438120966193014
1938,127,85,193,109,0.044071881873458
202331,128,106,161,56,0.0436533846631008
2755,129,98,181,84,0.0433742499990743
2757,130,65,210,146,0.0441273817091471
201147,131,90,193,104,0.0427631123695369
201143,132,110,162,53,0.0423929779665371
203917,133,84,202,119,0.0422136005939933
202734,134,74,215,142,0.0417417497066073
1626168,135,89,202,114,0.041809324774374
1897,136,72,239,168,0.0414649371098858
1626273,137,94,203,110,0.0411643246906256
101179,138,51,252,202,0.0403790285886917
203471,139,111,186,76,0.0395294814464279
202738,140,119,172,54,0.0392747314810365
2419,141,90,212,123,0.0391320235968537
202703,142,113,192,80,0.0386524737737045
203148,143,80,223,144,0.0392822624632457
203914,144,112,189,78,0.0386391546706873
203085,145,101,213,113,0.0381122593187278
203496,146,116,189,74,0.0379425023282097
2449,147,118,186,69,0.0380007565256872
202362,148,91,218,128,0.0384022961494849
202720,149,121,185,65,0.0374363332027486
1626169,150,114,195,82,0.0374694274963796
1626144,151,118,191,74,0.0371351640481567
1626164,152,105,206,102,0.0378795453346896
1626163,153,113,198,86,0.0375599089629706
203506,154,118,188,71,0.0371788767641191
201586,155,122,183,62,0.0371651687918918
202714,156,91,229,139,0.0363939946271741
201939,157,123,188,66,0.0360439935170463
203081,158,125,188,64,0.0358173043877734
201145,159,119,201,83,0.0353548808536964
203096,160,127,194,68,0.0347558845859881
203090,161,112,215,104,0.0352055642181007
203482,162,124,200,77,0.0342988512817565
202391,163,122,203,82,0.0347336769586096
201155,164,120,207,88,0.0344689834022909
203798,165,118,207,90,0.0340719777160499
201962,166,63,268,206,0.0316518510408285
203187,167,58,269,212,0.0314492165222063
201978,168,120,218,99,0.0329934381561912
204020,169,121,221,101,0.0321607057329545
2037,170,115,227,113,0.0327235257205155
204001,171,136,199,64,0.0317917299940697
203922,172,99,245,147,0.0314318869150554
201601,173,120,227,108,0.030908145288593
202695,174,145,201,57,0.0305084376764675
202718,175,136,217,82,0.0305641363313563
2210,176,108,251,144,0.0296269354316149
1626171,177,115,232,118,0.0301917393203484
2546,178,146,205,60,0.0296622066724346
202323,179,139,210,72,0.0299682914886199
201609,180,143,210,68,0.0291951252485653
202693,181,134,221,88,0.0289109947707171
203530,182,133,223,91,0.0287419226597577
201950,183,144,216,73,0.0283460624515232
203498,184,140,220,81,0.0282399939590052
202692,185,136,231,96,0.027665720198538
202689,186,148,220,73,0.0275296722511647
203145,187,146,220,75,0.0270088573670631
203109,188,157,217,61,0.0260209366860062
201142,189,160,218,59,0.0257794967258488
200768,190,155,224,70,0.0255438902706952
200752,191,163,213,51,0.0259319745673714
202709,192,138,244,107,0.0253993519338171
203488,193,121,261,141,0.0255923719988777
200765,194,156,225,70,0.0251127355498424
201589,195,146,232,87,0.0249473662497786
203115,196,157,233,77,0.0242603821397895
203903,197,159,226,68,0.0240565882160636
202388,198,122,258,137,0.0244872454247942
202688,199,164,226,63,0.0240456228572273
203943,200,157,233,77,0.0236930143262105
201568,201,161,236,76,0.0227763862216053
201936,202,146,248,103,0.0223489330948269
203099,203,116,267,152,0.0221276476438837
101108,204,159,239,81,0.0224152680460426
202322,205,172,231,60,0.0219095642268575
202699,206,173,234,62,0.0213771732302369
101145,207,168,242,75,0.0208975399965631
203460,208,164,242,79,0.0212194780552994
1626162,209,131,265,135,0.0203811938508442
203087,210,167,244,78,0.0204901967690981
201196,211,172,240,69,0.0202308319434244
201952,212,176,237,62,0.0201121507472596
201935,213,182,234,53,0.0199236495158275
201565,214,179,235,57,0.0201947538598538
2440,215,159,255,97,0.0206580007618694
200757,216,158,255,98,0.0198743978621815
203463,217,174,243,70,0.0191099809515447
101161,218,190,234,45,0.0185074045377762
202339,219,174,252,79,0.0178520063739078
200794,220,193,236,44,0.0178013680563669
203960,221,165,258,94,0.0173220430082364
200745,222,171,248,78,0.0176530014240471
2564,223,173,254,82,0.0164795485220795
201954,224,175,258,84,0.0158287722785334
203901,225,190,246,57,0.0159246956061529
202704,226,187,253,67,0.015272316481243
202682,227,185,255,71,0.0150108579801426
202397,228,187,256,70,0.0142093695282576
203076,229,207,245,39,0.0143298684200861
2225,230,195,250,56,0.0142723534294957
203897,231,189,257,69,0.0143468355039076
203932,232,185,261,77,0.0135459508142073
1626170,233,171,267,97,0.0129806605611902
2746,234,180,266,87,0.0121209111708328
202087,235,193,260,68,0.0127455165911339
203118,236,199,259,61,0.0126082109832454
2733,237,196,257,62,0.0128208001397386
203924,238,183,265,83,0.011824040750677
203952,239,209,251,43,0.0118797620539861
202326,240,218,250,33,0.011680229881061
203507,241,213,254,42,0.011464437855255
203210,242,205,259,55,0.0106599861651642
203487,243,222,251,30,0.0101870950228144
203999,244,215,255,41,0.0102232788624298
201942,245,215,259,45,0.0091771926384622
203933,246,204,263,60,0.0092287191047004
2754,247,221,255,35,0.0093316160608399
1626157,248,223,256,34,0.0088457076464101
2200,249,229,259,31,0.0072764413067441
201933,250,225,259,35,0.0067305048128131
202710,251,222,266,45,0.0062078444685605
201949,252,206,270,65,0.0048924480295798
2734,253,212,269,58,0.0038109320821377
200746,254,244,258,15,0.0045453224266128
201566,255,237,266,30,0.0033457964302469
201152,256,242,265,24,0.0031078255175155
201956,257,229,268,40,0.0025825048373385
1626158,258,214,270,57,0.0007573701709052
2544,259,244,267,24,0.0014994661512784
203110,260,247,268,22,-0.0002776114885054
203944,261,251,267,17,-0.0006482893306981
2548,262,253,268,16,-0.0020384298153605
203093,263,241,270,30,-0.0022474226189882
202357,264,211,271,61,-0.0032690450872104
203469,265,253,269,17,-0.0034940758808741
2216,266,257,268,12,-0.0029474976611962
2738,267,231,271,41,-0.0040622383218976
202344,268,241,270,30,-0.0049410361000467
202681,269,234,271,38,-0.007189330245404
203613,270,248,271,24,-0.0100643539510781
203462,271,266,271,6,-0.0318988859750773
