player_id,n_seeds,dep_share_seed_mean,dep_share_seed_sd,dep_share_seed_range
977,5,0.0772567224000576,0.0014199062443959343,0.0033308296606623933
1713,5,0.04015340250556067,0.00401227982766608,0.010579193838447055
1717,5,0.07284984779445915,0.000754552825584629,0.0018455816126685815
1718,5,0.1328691904284253,0.0024978841071543415,0.006330821078083387
1891,5,0.1440692825372952,0.003465838851629968,0.007833421558271714
1897,5,0.039354754447634005,0.003215392891948115,0.007613748639121398
1938,5,0.04459792319132158,0.0008818561286915958,0.0022673545855525015
2037,5,0.03467849189504697,0.001594904690191639,0.003596467297571633
2200,5,0.006927543027853128,0.0003265328621387693,0.0008849114100279972
2207,5,0.08249842478233874,0.0008073147786599608,0.0022073396666185963
2210,5,0.02857954693211053,0.0029456081216439277,0.007994837059586247
2216,5,-0.0026145309886341844,0.0005619428158340011,0.001362479187040147
2225,5,0.015038200956841271,0.0008003270226371442,0.002059102876771444
2400,5,0.08770423612300568,0.003073019179733528,0.008097699856954632
2419,5,0.03732071466749803,0.0017790111115494663,0.0037901138931314485
2440,5,0.01918870106988704,0.0010932287946999047,0.0026330916605256417
2446,5,0.07791106248769358,0.003646560896400824,0.007683840173036027
2449,5,0.038491135742205876,0.0010381345927675677,0.0027329768878681104
2544,5,0.0027627744477511655,0.001098913002426229,0.002926937039045549
2546,5,0.029721830965728484,0.00023114494052489808,0.0005200712196438834
2547,5,0.06397561391893432,0.0014071090669398416,0.0037783667774471466
2548,5,-0.001341744116945344,0.0005890702071590523,0.0014495964336571452
2550,5,0.09890680207454852,0.005458823106820547,0.014824933004942614
2564,5,0.016808692570599346,0.003337124695859317,0.008179796379609106
2571,5,0.06413604213363985,0.0016279355652213715,0.003893733800241439
2581,5,0.09116944879309108,0.006650950378074916,0.01860455328258452
2590,5,0.06517573656117685,0.0019091929456287854,0.004969576277763968
2592,5,0.13386780517131078,0.0026929134765088917,0.00672178085984193
2594,5,0.12788152585139817,0.0030432587498645932,0.007581578183973592
2733,5,0.012053354498940056,0.0006859833002104971,0.0014826062597755596
2734,5,0.004258295741742582,0.0016654361542442937,0.004547447802222106
2736,5,0.06874353296217303,0.002140965086115519,0.005267922807058553
2738,5,0.0010441357166485394,0.0039733191371056605,0.010038799333164792
2743,5,0.06043854619106185,0.0035547198994429646,0.008564906699795483
2746,5,0.011388086898651692,0.002660634156201023,0.006355069103636156
2747,5,0.08196186512164536,0.0024016462416758416,0.0056180305638497685
2749,5,0.08278742358488686,0.0018959004283452263,0.004843753202010165
2754,5,0.010528049758882755,0.0012439948191490498,0.0028727745703849856
2755,5,0.043020355168161245,0.0014836980249345517,0.00362813763523423
2756,5,0.11614831028682211,0.0032891809730897325,0.007519365686167942
2757,5,0.044989504329617666,0.002812135592690142,0.006670407315152921
2772,5,0.06602501271373613,0.001067796488830413,0.0025159747568188756
101107,5,0.0919603371152211,0.0019492280387585913,0.005460463990377237
101108,5,0.02259578096225983,0.00016198355930422675,0.00041282933859134244
101109,5,0.04563059989843345,0.0013208247854187823,0.0034640629402575424
101111,5,0.05230592180241518,0.0019210652807962567,0.004763222430517126
101112,5,0.07987938975935806,0.0014287543604053848,0.0031184887731978
101114,5,0.05323332222658663,0.0010557720874306467,0.002816399131106699
101123,5,0.060938107964514966,0.000741683336036154,0.0015813171019342376
101127,5,0.05111854788621887,0.0006628510563237252,0.0016340936670380946
101139,5,0.05751144220020342,0.0020325369162531516,0.005086783474666269
101141,5,0.06993735470917262,0.0007663108700924733,0.0017369318249257915
101145,5,0.021513745895595904,0.0007819045128306483,0.0016304962093562497
101150,5,0.05385137406074207,0.00047070210179319793,0.0012907366110720964
101161,5,0.01797947150512174,0.0004396720676978439,0.0012099302749014156
101179,5,0.03961263917034748,0.001640119264413751,0.004387054589824815
101181,5,0.09246434161361453,0.0022341057448464173,0.005387025239233831
200745,5,0.016536114439769215,0.0012687278600043072,0.0031831164857566256
200746,5,0.00447180023511497,0.0004150827255601222,0.0010165791150820325
200751,5,0.07970440513322745,0.0015775736909240097,0.003523206417662697
200752,5,0.025350494990638694,0.0006662985426251515,0.001643689963622328
200755,5,0.09197028487737552,0.001713092501019516,0.004693589079923385
200757,5,0.0206198329477215,0.0017892738271250194,0.0042420164784239475
200765,5,0.02509456320792277,0.0014071615408081794,0.003874072214942112
200768,5,0.024161484276580596,0.0012126948204148425,0.0030311761100760976
200782,5,0.08960630868493726,0.0012395940235298182,0.003094267568580014
200794,5,0.018376741715475167,0.0006067876689116242,0.0015819709629420267
200826,5,0.055402063804180404,0.0028458307050834644,0.007840963882588835
201142,5,0.026843086822909867,0.0010531678862551483,0.0027991642153168544
201143,5,0.04173596855282084,0.0008140863434183892,0.001959839691915932
201144,5,0.04715551193316635,0.000957172230795698,0.0024457829670070375
201145,5,0.03459058410703051,0.0007517793650156356,0.0016461775299522335
201147,5,0.043983446857613656,0.0020585870896159264,0.005044030554441699
201150,5,0.048299410587953444,0.0018452961930454177,0.004687246221000807
201152,5,0.003218841360318526,0.0004233686333244749,0.0011430506822202448
201155,5,0.03296436633508276,0.001260983788105412,0.002964244936660712
201156,5,0.09939163271384877,0.003086367450829296,0.007631373395716595
201158,5,0.06064441544558154,0.0023023956361034235,0.005341333507447671
201162,5,0.11627713470257905,0.0014077106199189356,0.0029501450065047424
201166,5,0.04970292841969154,0.0012153202239196875,0.0033109261416070304
201167,5,0.06166958758554876,0.0011990146901043092,0.0024376281704696703
201196,5,0.01994381237387623,0.00033144552980778617,0.0007205104083162425
201229,5,0.09009000388045138,0.006820022287504101,0.016475574442149504
201564,5,0.10341892167898444,0.0020314272114007915,0.004972404116840051
201565,5,0.02025503301594205,0.0012603937205304225,0.002995670450868411
201566,5,0.0040383223775140985,0.0008870185560033024,0.0021629135806165703
201567,5,0.06992924326289125,0.0009490795777659676,0.002250596493204346
201568,5,0.022367564182326174,0.001389094001560784,0.003167279988576091
201569,5,0.062118839530747816,0.0014374145055475575,0.0034163478253442445
201571,5,0.09239334899734102,0.0022422239126782314,0.0061719036017723605
201573,5,0.09667119966098829,0.004392317270728224,0.010534601240019911
201575,5,0.11745104655273582,0.0010723166302797449,0.0029599373655410655
201583,5,0.07236265166636921,0.0013957000305628356,0.003897559316055732
201584,5,0.0706857621175325,0.0016601795708546738,0.0035232155215893513
201586,5,0.037400463122484275,0.000515831003986459,0.0011453400068540676
201587,5,0.058296158378109066,0.0010490510481367952,0.0028159740946909206
201588,5,0.056410754658268246,0.0024676027311842973,0.006746958116343599
201589,5,0.027492240511893556,0.0018560563173433081,0.004716138883654908
201596,5,0.04502694336555606,0.0022854241691457654,0.005750664082393102
201601,5,0.030524073144734744,0.0016780604127852046,0.0040263363035431855
201609,5,0.02789810959340084,0.0018003867335644624,0.004182736002425306
201627,5,0.14596693218942394,0.002895507382283096,0.0077797972345222954
201933,5,0.0056255351292651004,0.0010771590348241631,0.002780966369602807
201935,5,0.02153246302350219,0.0013877536932119625,0.0035323995688894896
201936,5,0.02017888068294797,0.002018537165938113,0.0048770678749132865
201937,5,0.07147341042132402,0.001318378206011224,0.0031429892381101138
201939,5,0.03500593911520704,0.001467580409686178,0.003267112429099016
201942,5,0.009380302707825453,0.0005468280061051737,0.001311405825863591
201945,5,0.07187670367542517,0.0018731533015631566,0.005147295271643579
201949,5,0.006084970607742756,0.0011524431219237402,0.003046085993001958
201950,5,0.02875405835630173,0.0005634946175522512,0.001375605103672
201951,5,0.06585088856640552,0.0027634825731509796,0.0074463203811258386
201952,5,0.0192329005238225,0.0011614184599238423,0.002946797384244214
201954,5,0.017149231158788587,0.0014325836533175499,0.00336706128717304
201956,5,0.0003048568665570589,0.0013416098330386362,0.0033927793889813444
201960,5,0.0600462824529697,0.002729625015267486,0.0072984923930925205
201961,5,0.0664533308037159,0.002691397784389037,0.006731071949781529
201962,5,0.029057001720562237,0.005222509368224208,0.012466218712140896
201967,5,0.07527730090942643,0.002250090855050498,0.006140815650210005
201973,5,0.0725723054154683,0.003277841488697919,0.00813999983310583
201976,5,0.07921893881661471,0.002689776334494229,0.006706026476823418
201977,5,0.06633033303981334,0.002648743541691188,0.007172449327316671
201978,5,0.0316764562547841,0.0010925140229224974,0.002337503568753424
201980,5,0.0930012417278439,0.0034622826697621577,0.009656759494606953
201988,5,0.07019529173181835,0.0015010430242596833,0.003548203047683038
202066,5,0.0590557623475631,0.000955661363173599,0.002027186047273123
202083,5,0.08829882034979396,0.0023015907855265306,0.005178818366537136
202087,5,0.012495070665077828,0.002002344942154791,0.00528206598908189
202322,5,0.020912360663680095,0.0011501077702681566,0.002790153967311363
202323,5,0.03055888712969369,0.0009765703375399775,0.0023273830127162505
202325,5,0.09706606118113989,0.0009051998700843601,0.002231845102805108
202326,5,0.013016394481480948,0.0009628995075091075,0.0024558769915963494
202329,5,0.06435961748980709,0.000858444242973437,0.00210097104956955
202330,5,0.05356321569465718,0.0014098341619888783,0.003568702741955858
202331,5,0.045140564880653225,0.0010181899551282342,0.002686002598078066
202335,5,0.1472019930670597,0.0012269219632184086,0.0026108767724234427
202337,5,0.1381539965176482,0.003915380275647361,0.009385340420754257
202339,5,0.017380552456028726,0.0010025985035288184,0.0024758088928771016
202340,5,0.05822637849549349,0.001700396658977731,0.003433082011565662
202344,5,-0.005247287003797492,0.0006365466784473581,0.0015612665579337326
202349,5,0.06268636341725572,0.0019466962778859301,0.004716391266906761
202357,5,-0.004700411431500663,0.0026810022622525886,0.005713227072830851
202362,5,0.04025734683627104,0.002449515467169423,0.0057146823976153074
202388,5,0.021355315349443883,0.0032318631644261795,0.006686978680914633
202390,5,0.07094359750180323,0.0008703483889056552,0.0024366982392151626
202391,5,0.034620907442780555,0.0009883219018862943,0.002547179826323895
202397,5,0.013597717708436808,0.0011487685089303335,0.0027223040487680764
202498,5,0.059581849395914266,0.0013978358160008945,0.0033769617164888174
202681,5,-0.0058265551573264745,0.0017173732050824759,0.003889637440715847
202682,5,0.01506393437359543,0.0011616537117328564,0.0032790290972549378
202688,5,0.02649819686208093,0.0017211239094645898,0.0038877667679757463
202689,5,0.027504005292768603,0.0001286961325099338,0.00034831376421095087
202691,5,0.07614183973953988,0.000543292168431654,0.001185534089176002
202692,5,0.027846550138329436,0.0005041497938462309,0.0013807041221959235
202693,5,0.02814154074441786,0.0010871314729278337,0.002546826246569465
202694,5,0.05200862012869145,0.0011903459859103477,0.0029942791946020106
202695,5,0.030582911577201128,0.0006426537163803502,0.0015439801044720529
202697,5,0.07114903202082756,0.0026583367817666357,0.007407434087531126
202699,5,0.022495193011173,0.0010915982665941763,0.002424482048834855
202700,5,0.05985215265913537,0.003628588987884025,0.0075520608166065525
202703,5,0.03841242541601718,0.0018428920632005618,0.0047958630029444685
202704,5,0.01602770029964364,0.0010150037592133849,0.002596052268602319
202708,5,0.04979608899942238,0.0017067119180496852,0.004285889891529483
202709,5,0.023187170206075518,0.002573537703534208,0.005381464932780432
202710,5,0.006882364922528363,0.0005716096329404642,0.001265310921305697
202711,5,0.0630022481301776,0.002318733493035263,0.00650078099759073
202713,5,0.04986708053901916,0.002632099036459994,0.006794189944880534
202714,5,0.033504971212651995,0.0037388664376527708,0.00888690292949957
202718,5,0.03140396496367924,0.0017918858129577354,0.004613188791607516
202720,5,0.03583504510454037,0.0009623696171062667,0.0023646483000875212
202734,5,0.0439736511439078,0.0015416083388555624,0.003850179174448541
202738,5,0.03932089724559988,0.001171231929049123,0.0031884541405069397
203076,5,0.015224570494128047,0.0010088615893881503,0.0025675836704789484
203078,5,0.06711655229902594,0.0016052747641600244,0.004061330290414555
203079,5,0.043852988631674424,0.0008945623219618425,0.002190441755600382
203081,5,0.03720567771221226,0.0010324972081538618,0.0026768301863811794
203082,5,0.0825601421993993,0.001659888968606443,0.0038645972585272526
203084,5,0.05529210137402918,0.0010368195125719016,0.00253205822432008
203085,5,0.03515477301709528,0.002494274486588532,0.006801400054259235
203086,5,0.08234648520022304,0.0011349925589295253,0.002754662716934461
203087,5,0.020846148901909504,0.0013749152131360255,0.003276728775382331
203090,5,0.03585755329177222,0.001521768139673423,0.003935491671675256
203093,5,-0.0021276864091284487,0.00043013780883415724,0.001063439716956645
203094,5,0.07029458122573967,0.002293124214671434,0.005452249921547303
203095,5,0.05733478187576665,0.0018213106717136498,0.004596400298751788
203096,5,0.0354991883566407,0.0007615769001652605,0.0017269539197744405
203099,5,0.023420555740309733,0.0014819124475304406,0.003290983970045583
203109,5,0.027636498532008356,0.002319204574962361,0.0053672993111332674
203110,5,0.00025461265859794103,0.0007746972266945981,0.001814166445664388
203114,5,0.059407914197693715,0.001488060177455916,0.0032774274635022707
203115,5,0.023505753632951654,0.0005919637947324409,0.0015090240940065502
203118,5,0.011713553988253855,0.0015265495312865812,0.0036378687432290814
203123,5,0.07676153571141853,0.0028869520766623643,0.006375043257514687
203138,5,0.1254806026763451,0.0013921638242967668,0.003692646300079247
203141,5,0.0720814678109748,0.0019469302567039915,0.004628111280862712
203145,5,0.025981400458414284,0.00175224914342044,0.004404071514437429
203148,5,0.04045987099288136,0.0015350109501458674,0.003679856958490456
203187,5,0.031917124232630385,0.0006327920360251112,0.00151308306318396
203210,5,0.01127934228387938,0.0007396488841072653,0.0016929160138952314
203459,5,0.07019533572697048,0.0009617041188300845,0.002422359603019092
203460,5,0.022235457903450665,0.0006483434119737933,0.001777936078729149
203462,5,-0.029074694651796296,0.002412620722914416,0.006307593097040567
203463,5,0.01931304657113011,0.0009663613003222402,0.0025459214756496026
203468,5,0.06106313309799868,0.0011625410711954586,0.002637990900154201
203469,5,-0.0034266791762109913,0.0003861444162728099,0.00098812008240147
203471,5,0.039068661509125434,0.0005270990741635431,0.0012064937993441285
203477,5,0.06813105302685925,0.0009899841352764898,0.0021102378230517665
203482,5,0.033463039101209756,0.002415545291606134,0.0064226796234813435
203484,5,0.048386444648427215,0.0009543992332478033,0.0023077312326206384
203487,5,0.009757770692197408,0.00040491272110543643,0.0010327567019729877
203488,5,0.026640311990592237,0.003784599010393602,0.01001442721518813
203490,5,0.0694314476611503,0.0014615908014605958,0.003300273310944013
203496,5,0.0413810651105135,0.0021403845195875604,0.005778630781348902
203498,5,0.028882782202392397,0.0005651334335141811,0.001399222648138975
203499,5,0.04668326320862896,0.0012063349251452706,0.002845469466873682
203503,5,0.10840035412113189,0.0013369286718219586,0.0036745611312051923
203504,5,0.06652445162976825,0.00044546856244153445,0.0010050201441137024
203506,5,0.03730217048499242,0.0010830784374180444,0.0030445787496058696
203507,5,0.011985557828608794,0.0008205229778195644,0.0020671371133164033
203521,5,0.10420083590693736,0.002873411114093922,0.007388149731033425
203526,5,0.06909493777791706,0.0020054558930895625,0.005498771711602818
203527,5,0.05386191207631687,0.0015082657197504079,0.003229732058944376
203530,5,0.028354723646058688,0.0005017897423035711,0.0011702245783617865
203546,5,0.06448904254058994,0.005101060543667138,0.01314134157449419
203584,5,0.12344033621054062,0.0025467448833837616,0.00660120589349901
203613,5,-0.007479369905504353,0.0017796483829853541,0.004344997091211928
203798,5,0.025595641137482784,0.005359752107674673,0.013039520795421415
203894,5,0.0906837398677001,0.0028818001061215815,0.006935639521872483
203897,5,0.015686058828952947,0.0017777512884745283,0.00418266649768066
203901,5,0.01593505712727342,0.0015100464861685764,0.003846150239988591
203903,5,0.023713809896761678,0.0007529283642607187,0.002056601242399713
203914,5,0.039625644465683146,0.001965605713588957,0.004740162239503992
203917,5,0.04167660529557787,0.0031768925819849873,0.0078294570448217
203918,5,0.06992345601221046,0.001107565925980867,0.002637646819675571
203922,5,0.03171338376918668,0.0014443666849324624,0.0035518475416421585
203924,5,0.012611802618089604,0.001293807856760656,0.0031318130702186007
203926,5,0.07519390980742138,0.0039915057096266485,0.01084370554739103
203932,5,0.014730460150171237,0.0013000317486213256,0.0027591082421488857
203933,5,0.009236457603772003,0.0011859503127557378,0.003328253516486711
203934,5,0.06060850372646036,0.002416855881529412,0.005724091341106519
203935,5,0.05719770492530696,0.005198991780647464,0.013387375015759144
203937,5,0.051628829702727294,0.0033168196735033745,0.0075639418522667895
203940,5,0.06765329579737667,0.001935254488985037,0.0046870762590917325
203943,5,0.02540785856702422,0.0012266441580375987,0.0032930190426683735
203944,5,-0.0007689586194005613,0.00024722242813484855,0.0006456618254603059
203952,5,0.01226262178615284,0.0006473476553290937,0.0014810730851347355
203960,5,0.016877687591226893,0.0016433794962709958,0.004132909604345423
203999,5,0.010871247944601375,0.0007205205010671487,0.0015599381295814483
204001,5,0.032265986629452216,0.0006561086860351866,0.001527627674216915
204020,5,0.030346364634878765,0.001643925348451263,0.003739463350279408
204038,5,0.06501946651209714,0.0019134031740371596,0.0053768887823776035
204060,5,0.12483999170725293,0.002010701255749951,0.005392284418918258
204456,5,0.0687475378875093,0.0014185579141299616,0.003794974607294832
1626144,5,0.037048506338329124,0.0005545025793117366,0.0014403049922738984
1626148,5,0.05053223025008106,0.0028969431464008415,0.00670308755078091
1626154,5,0.12484770047400637,0.005570828917064945,0.01376366098041612
1626156,5,0.05977537381801963,0.002260276869935072,0.004455382115630235
1626157,5,0.008536426065656461,0.00033647588379027076,0.0008692771125054424
1626158,5,-0.0014132434260878124,0.0022592485119141757,0.0057490675479360005
1626159,5,0.059375845247047296,0.0014708949683115546,0.003911760842978292
1626162,5,0.01893838431981748,0.0027044893242898914,0.006878334154769048
1626163,5,0.03765308369512362,0.00027353243959869566,0.000708783630473081
1626164,5,0.0359511539380073,0.0019048056894438634,0.00392849841932999
1626166,5,0.04594307886176937,0.0031383194806350796,0.0077980079598344715
1626168,5,0.04020617545166878,0.0018626955815498052,0.004548148265580726
1626169,5,0.04176394802299498,0.002747480766105958,0.006788369775841789
1626170,5,0.013115593470058695,0.0006083356625508946,0.001682164971524151
1626171,5,0.02953364366261734,0.000993123584215065,0.0023110702809250525
1626173,5,0.07704345413150146,0.0015433969382852117,0.003745765249366262
1626209,5,0.07075033952661267,0.0013489175042494619,0.00300551008244436
1626273,5,0.04017889528794971,0.0010404089227178666,0.002425739436344179
