team_id,n_shots,n_3pa,ep_obs_total,dep_total,3pa_rate,dep_per_shot,dep_per_3pa,dep_share,dep_share_boot_mean,dep_share_se,dep_share_ci_lower,dep_share_ci_upper
1610612737,3035,917,3154.3613096624613,118.4159388187701,0.30214168039538714,0.0390167837953114,0.12913406632363153,0.0375403852615227,0.03749806367945568,0.0018574307448723263,0.033922503613922864,0.041159251667680835
1610612738,3201,893,3203.829168520868,122.12346146784135,0.2789753202124336,0.038151659315164434,0.13675639582065102,0.03811796916881897,0.03808051604545928,0.0019033770371918667,0.03426049238572926,0.04170622842760371
1610612739,2626,912,2649.2628442794085,109.75385279810234,0.3472962680883473,0.0417950696108539,0.1203441368400245,0.0414280723542005,0.04142019160570033,0.0024831390249283975,0.036577122674512984,0.046218916389047564
1610612740,3005,892,3002.1763057410717,120.05341853652705,0.2968386023294509,0.039951220810824306,0.13458903423377472,0.03998879689608785,0.040056950327038814,0.0020730551098135674,0.03603053398143632,0.043951132391017854
1610612741,2532,604,2457.0909228995442,71.37534905384602,0.23854660347551343,0.0281893163719771,0.11817110770504309,0.029048721147696875,0.02902926527871262,0.002213931780986753,0.02453699838975252,0.033119100074985204
1610612742,3078,963,3072.4172616153955,137.79068904375313,0.3128654970760234,0.04476630573221349,0.14308482766744873,0.04484764838591827,0.04496102929974134,0.0022803966509078607,0.040404988755077066,0.04918953324991255
1610612743,3181,922,3201.168151654303,93.54716812733439,0.2898459603898145,0.02940810063732612,0.10146113679754272,0.029222822324716364,0.029239727613434272,0.0020602281802304966,0.025277549307720085,0.03305898107136079
1610612744,3167,1031,3272.759792946279,114.25824300165084,0.3255446795074203,0.03607775276338833,0.11082273811993291,0.03491189400698139,0.03487484949428132,0.0020184507345803997,0.03076541463735855,0.03885926370537295
1610612745,3024,1062,3130.829289533198,126.89895739213611,0.35119047619047616,0.041963940936552944,0.11949054368374398,0.040532058971205216,0.04051549772503997,0.0022052939974654766,0.03597328579834429,0.044755308677440236
1610612746,2729,795,2712.7886750400066,109.89839949406871,0.2913155001832173,0.04027057511691781,0.13823698049568392,0.04051122761799645,0.040414081247673594,0.002392381913534576,0.035617099753953954,0.04495070300177243
1610612747,3387,973,3312.4797660559416,128.1781860410385,0.2872748745202244,0.037844164759680686,0.13173503190240338,0.0386955378126448,0.03878937119831955,0.0020840331793495225,0.034584849577493526,0.0428477470217008
1610612748,2539,610,2524.3890028968453,90.06556431637746,0.24025206774320598,0.03547284927781704,0.14764846609242208,0.0356781637905344,0.03580298683770209,0.0021221193789156463,0.031752120976649686,0.04015553292677188
1610612749,2796,493,2730.734331674874,86.03193760398092,0.17632331902718168,0.030769648642339387,0.1745069728275475,0.03150505584013145,0.03157482639125263,0.001928964815207706,0.02778190339748546,0.03525999105107552
1610612750,2971,604,2854.737952210009,65.48108734683251,0.20329855267586672,0.02204008325373023,0.10841239626959025,0.022937687606717112,0.022939074863891393,0.0019300507406146358,0.019036622424007492,0.026615862729068598
1610612751,2771,558,2686.960465952754,94.67336573433525,0.20137134608444604,0.03416577615818667,0.16966552998984813,0.03523437241967963,0.0352451284815827,0.0021005285203891167,0.031191195397483586,0.039247874923899084
1610612752,3394,828,3267.10983210057,124.1811038049699,0.24395992928697702,0.036588421863573924,0.14997717850841774,0.038009467139685456,0.038113758170804916,0.0020203486592045472,0.03422601336978997,0.04190090563306373
1610612753,2897,747,2880.320336010307,96.2478878727333,0.25785295132896097,0.03322329577933493,0.12884590076671124,0.03341568875844263,0.033412473922255305,0.001972143917606886,0.02938985244001498,0.037244193193888345
1610612754,3100,854,3034.169461451471,97.00392274386337,0.27548387096774196,0.03129158798189141,0.1135877315501913,0.03197050262890034,0.031974085373202954,0.002063826186956571,0.02785132733651994,0.03601805435271684
1610612755,2590,762,2578.000300616026,87.33620411342537,0.2942084942084942,0.03372054212873566,0.11461444109373407,0.0338774995846804,0.03389079716201292,0.002332195768939971,0.02947676928148292,0.03839214143705864
1610612756,3240,952,3260.7387823462486,98.74614060376251,0.2938271604938272,0.03047720389005016,0.10372493760899423,0.030283364352390783,0.030239372270435803,0.002160938152543486,0.025816215219357803,0.03439072215427627
1610612757,3138,978,3126.4270926192403,146.40415632367376,0.31166347992351817,0.04665524420767169,0.14969750135344964,0.046827945122820736,0.04683025709781251,0.0021535764832532386,0.04242985002837905,0.05111759954170973
1610612758,3130,770,3187.961436063051,70.74382361516514,0.24600638977635783,0.022601860579924964,0.09187509560411057,0.022190928288809444,0.02217972952690245,0.0018634895908662037,0.01852425340096197,0.02578248971380816
1610612759,2935,640,2873.817440353334,88.23119907840909,0.21805792163543442,0.030061737335062722,0.1378612485600142,0.030701741119491963,0.030638027550069544,0.001985869939525457,0.026728230882837035,0.034476197772850325
1610612760,2789,709,2789.394340850413,86.13814802194379,0.2542129795625672,0.030884958057348078,0.12149245137086571,0.030880591804629008,0.030895867261803794,0.002138346920616497,0.026641341996269594,0.03503640650707152
1610612761,2887,805,2838.620895013213,106.21438090192345,0.2788361621059924,0.036790571839945774,0.1319433303129484,0.037417599894553386,0.03748609276694221,0.0022473870146620246,0.032871637861348973,0.0418872224972214
1610612762,2787,752,2739.2313618436456,120.13466504665402,0.26982418371008254,0.043105369589757456,0.15975354394501864,0.043857071264618235,0.04369548755938558,0.0022041711089723867,0.03952513680160006,0.04805387594822093
1610612763,3115,649,2998.2533953785896,80.29693836507722,0.20834670947030498,0.025777508303395577,0.12372409609410974,0.026781238199828045,0.02685117389096322,0.0018339476156770142,0.023236743269990222,0.030529390429084723
1610612764,2859,821,2890.205547519028,138.030400072111,0.28716334382651276,0.04827925850720917,0.1681247260318039,0.04775798738279955,0.047800198975155264,0.0022625567307030478,0.04348809947788403,0.05227205214416813
1610612765,2667,796,2646.8436955064535,98.44302126316232,0.2984626921634796,0.03691151903380664,0.1236721372652793,0.03719260847563044,0.037236055740624385,0.0021969926801528867,0.032884988291987334,0.04146147163339211
1610612766,3124,1014,3112.8082476481795,117.22952255030872,0.324583866837388,0.03752545536181457,0.11561096898452536,0.03766037392084114,0.037635682602573994,0.002139308446738086,0.03318928990832903,0.04159876917034897
